type,name,module,path,hash
"yaml","manifest","_config","_config/manifest.yaml","760341afdde7d9034a12817abf0ac440760d40481d9212ad1ad2cb6662f01e1a"
"csv","module-help","bmb","bmb/bmad-bmb-setup/assets/module-help.csv","8e7ade46456855dda94d18756bc73c8c398a76a9f52ef023346a9ee9383ffa02"
"csv","module-help","bmb","bmb/bmad-module-builder/assets/setup-skill-template/assets/module-help.csv","d88d84b8aa1d02ca060e36041a26c529c6e8bc57c8ed5dff74f21815a601077e"
"csv","module-help","bmb","bmb/module-help.csv","29d1db6690a5874baf113e70d094b48f1dba16e9a5ea5b4c66aa66e6362c695f"
"html","report-shell","bmb","bmb/bmad-agent-builder/assets/report-shell.html","8932d0c1dc30377d44ce23ee01a526792755377d7706c29c977009793efb0b57"
"html","report-shell","bmb","bmb/bmad-workflow-builder/assets/report-shell.html","788e63aa4202ea1a3670758f319fa3e58be7ebbb3d9ffb17a872bd238910155a"
"json","adapter-claude-code","bmb","bmb/bmad-eval-runner/assets/adapter-claude-code.json","b1b73c16813fee1b3f12e60a52ba77ddc20d3c8f28b76786067208b7569a3891"
"md","agent-quality-principles","bmb","bmb/bmad-agent-builder/references/agent-quality-principles.md","5d16225c636dad41f31b6532170c75f29ba70a75b9e7d9c80e9f695c606de87f"
"md","agent-type-guidance","bmb","bmb/bmad-agent-builder/references/agent-type-guidance.md","3838b766384f04a90f902ef996663fd4ff1d742f230bc367fe37e9db66c75954"
"md","BOND-template","bmb","bmb/bmad-agent-builder/assets/BOND-template.md","42e6d24ca40b4fc0afd3be8c9ee5ca7cf10a52d00bc67103a6f4753cf7e17298"
"md","build-process","bmb","bmb/bmad-agent-builder/references/build-process.md","68305dce6e5c961b3567923f79ade9d5313e8c0134acb23ea0dae769b5e89495"
"md","build-process","bmb","bmb/bmad-workflow-builder/references/build-process.md","fcbd1895a4b5bf8d88090951f417f46229c24463dbb9371de6509c47e9f2d749"
"md","CAPABILITIES-template","bmb","bmb/bmad-agent-builder/assets/CAPABILITIES-template.md","2b4fe4171151abe102a9110f383eed34f8759bbebccfe444474db1b37c5f4769"
"md","capability-authoring-template","bmb","bmb/bmad-agent-builder/assets/capability-authoring-template.md","d1d7fcab0d8f60f79fe10ca0cbac11ad3d280ad67604399cde3a76ef97af0d42"
"md","complex-workflow-patterns","bmb","bmb/bmad-workflow-builder/references/complex-workflow-patterns.md","7abb90873bbdd9864ab77279565475d137cca78433ec59126f36d40bad461439"
"md","create-module","bmb","bmb/bmad-module-builder/references/create-module.md","357deb1a816e6ce757307f8306fb155a7870d7f9e06ba98f13a1d76339280e7b"
"md","CREED-template","bmb","bmb/bmad-agent-builder/assets/CREED-template.md","29aea6e00fa1742ae81cd02c9df3f9a92139e085df8ee27789b6f5d8a0925005"
"md","customize-toml-guide","bmb","bmb/bmad-workflow-builder/references/customize-toml-guide.md","17f549d797cafdbc235adc3b6f9aaad2b688bdd494072952dc357b8f8df0f088"
"md","description-optimization","bmb","bmb/bmad-eval-runner/references/description-optimization.md","70e9e3594ed0502027703ff1f459fdfc16cb2f1e274112d9b2a895a4589dfdd3"
"md","edit-guidance","bmb","bmb/bmad-agent-builder/references/edit-guidance.md","d0d135364d030f8cd2efbc5bdbcba314da7764451c840723acad564408f3798d"
"md","eval-format","bmb","bmb/bmad-eval-runner/references/eval-format.md","fde4136a7423a8d050ae913715a1262492ff6fedfc9cfbd59a153d0f896700fc"
"md","first-breath-adaptation-guidance","bmb","bmb/bmad-agent-builder/references/first-breath-adaptation-guidance.md","3fa8c499f043263fda14ed25272f4f828e00cb18d02f3ade3a915e966fc54baa"
"md","first-breath-config-template","bmb","bmb/bmad-agent-builder/assets/first-breath-config-template.md","3a637f9c589b58ceb6254ef5b11ac1696d1118dafc5688a4cff85259de17110f"
"md","first-breath-template","bmb","bmb/bmad-agent-builder/assets/first-breath-template.md","7ea2c2405359f49d7c2f2209e283199be46774b14893f0ef6fc393ee4204af31"
"md","grader","bmb","bmb/bmad-eval-runner/references/grader.md","2aa090aad6426e9a146d4f73db1618d3d2ef1f0057324ca049695397cf01aff3"
"md","ideate-module","bmb","bmb/bmad-module-builder/references/ideate-module.md","98bc448d3dc876e29121298f3550542468b0a46ebb2e6658504e3a946954f566"
"md","INDEX-template","bmb","bmb/bmad-agent-builder/assets/INDEX-template.md","7af65c1436f60da1e502093ba3fc4e1a453136972ab35432417ce3975174b89e"
"md","lens-contract","bmb","bmb/bmad-agent-builder/references/lens-contract.md","648803390279c8fe5180f823d6effb507443b9fe67492fbad3bf9b9af369fad5"
"md","lens-contract","bmb","bmb/bmad-workflow-builder/references/lens-contract.md","855b44d9843d620855a4cb25d0d724672431d8cfc1722db8e2eaaa0766918b05"
"md","memory-guidance-template","bmb","bmb/bmad-agent-builder/assets/memory-guidance-template.md","95ff02af0b5f1c2849b03f1869e4aaaee34eff098f5b7285464fed82cbb75842"
"md","MEMORY-template","bmb","bmb/bmad-agent-builder/assets/MEMORY-template.md","fe925bd5aed4d58dcbf86031b64e0b90e2c458d3cd45bfc97324fe4de05e893c"
"md","mission-writing-guidance","bmb","bmb/bmad-agent-builder/references/mission-writing-guidance.md","d8f717e6a549781d3590f2d7075e58ccea3b348aa04024a8e2d6d335064bffa7"
"md","module-plan-template","bmb","bmb/bmad-module-builder/assets/module-plan-template.md","4e8f479e3a86cd3ef3685850db81424fa6d9648e86e711513b5619732fa605fe"
"md","module-setup","bmb","bmb/bmad-module-builder/assets/standalone-module-template/module-setup.md","bf9dd006b9f76ca2dd716c27ec2b1e8a941531a4d34ccbf262d9ba22cc5849ff"
"md","PERSONA-template","bmb","bmb/bmad-agent-builder/assets/PERSONA-template.md","3003f593838319d91acc31214ca42390c2f63c3cf66daaa29f0ea0950a3cb977"
"md","platform-adapter","bmb","bmb/bmad-eval-runner/references/platform-adapter.md","d2cd04cf8a173502da927a79053c9ca6813c7622a2562ec31bf707ed2286b386"
"md","producing-workflow-patterns","bmb","bmb/bmad-workflow-builder/references/producing-workflow-patterns.md","76cf6eda6552225321a920511b4bd172a11899506f73d9aeefe544654da839dd"
"md","prompt-quality-canon","bmb","bmb/bmad-agent-builder/assets/prompt-quality-canon.md","5311214900ba7d9ce046ef08ab27074517868d19a7183c7d6cd78801ab95477c"
"md","prompt-quality-canon","bmb","bmb/bmad-agent-builder/references/prompt-quality-canon.md","5311214900ba7d9ce046ef08ab27074517868d19a7183c7d6cd78801ab95477c"
"md","prompt-quality-canon","bmb","bmb/bmad-workflow-builder/references/prompt-quality-canon.md","5311214900ba7d9ce046ef08ab27074517868d19a7183c7d6cd78801ab95477c"
"md","PULSE-template","bmb","bmb/bmad-agent-builder/assets/PULSE-template.md","4d5088e1d23a9b4a757c674f023f9c7eebaf22f1487f0994cf26b17aab7a5a3d"
"md","quality-analysis","bmb","bmb/bmad-agent-builder/references/quality-analysis.md","239fa55edac3d71d2a30a36dc546c65c8506026fc651e7672c6eb988d241e6a9"
"md","sample-capability-authoring","bmb","bmb/bmad-agent-builder/references/sample-capability-authoring.md","dd3a1cff3f852a938db07354f677ebb6696f793685372a31ef6dd1e2d9cda98d"
"md","sample-capability-prompt","bmb","bmb/bmad-agent-builder/references/sample-capability-prompt.md","0e9746c052313705fe854994e4f4275126684558223e37859b9b3c3d91fbe66f"
"md","scan-agent-cohesion","bmb","bmb/bmad-agent-builder/references/scan-agent-cohesion.md","e577427b4b7532371dc3d4ad924b751c4941303cb9eb40664aedf92ed6feabb9"
"md","scan-architecture","bmb","bmb/bmad-agent-builder/references/scan-architecture.md","49e6a4ecf00b3ebfcbc22642c545e406641dbcf58eeda004831cd505a71e5dc8"
"md","scan-architecture","bmb","bmb/bmad-workflow-builder/references/scan-architecture.md","87d4799687e62ff94e4a587def0154af51ae801d9e6d4f87fac714081c1d3b3e"
"md","scan-customization","bmb","bmb/bmad-agent-builder/references/scan-customization.md","b0615108697eed611a8f6f0e09f4b77456d7af69e1e3efd6d8da934602802357"
"md","scan-customization","bmb","bmb/bmad-workflow-builder/references/scan-customization.md","512afdf58aecd338c5a1135d103e379fa1a5a43b79ec4914b96f4d8d20205e61"
"md","scan-determinism","bmb","bmb/bmad-agent-builder/references/scan-determinism.md","e81e9f5434fa90649fa8e895de904f4927c49dcbf3874fc8e1b93db2b255f1da"
"md","scan-determinism","bmb","bmb/bmad-workflow-builder/references/scan-determinism.md","b6002c9435e2efefbbcd452592cec656d04243905b669ebe66653b9cb75cfc11"
"md","scan-enhancement","bmb","bmb/bmad-agent-builder/references/scan-enhancement.md","cfc28b4662063d73d17796bcf5c51548a1cad57f4b839b39196df7a9ef46ab4e"
"md","scan-enhancement","bmb","bmb/bmad-workflow-builder/references/scan-enhancement.md","6eb9645792ca5fcb6cff1928d16f98ca313e07be4bbd6c665f75aab59af565c9"
"md","scan-leanness","bmb","bmb/bmad-agent-builder/references/scan-leanness.md","eb6e567d08f173d8da72c803e91d6191fd910d77d14cd1814b74d875f5cf10b8"
"md","scan-leanness","bmb","bmb/bmad-workflow-builder/references/scan-leanness.md","30379db198da655deb20ab5cd073f9c4934da90ab9b3d6e12457cd0b12b82588"
"md","scan-orchestration","bmb","bmb/bmad-workflow-builder/references/scan-orchestration.md","aafe6bec9d7c882bf20024293900b64fa2e49f556ec7b192ae121314932f92b2"
"md","scan-sanctum-architecture","bmb","bmb/bmad-agent-builder/references/scan-sanctum-architecture.md","ccbc961ed35d62bafcd0e96e87b771d986d76d14a1a3c5399e632704c0093ad6"
"md","script-opportunities-reference","bmb","bmb/bmad-agent-builder/references/script-opportunities-reference.md","568af692c330bd326a27153aa13ab8d23663b94a8b785b9eb8417619b605b909"
"md","script-opportunities-reference","bmb","bmb/bmad-workflow-builder/references/script-opportunities-reference.md","839ce6a7e238c5918f5883259a1e8a3ae4980a02c17656a6643240c369f10548"
"md","script-standards","bmb","bmb/bmad-agent-builder/references/script-standards.md","4641b1b59f1b879a8ccc2ba4c50341d2f672c933489fb8b551a2ea13eec6e90d"
"md","script-standards","bmb","bmb/bmad-workflow-builder/references/script-standards.md","4671ba6f3a70ecd0e3451ada09a069bca87d77b0459f53613bf4502f6718cedc"
"md","self-improvement","bmb","bmb/bmad-eval-runner/references/self-improvement.md","0113def17993d0290231af56ca241996e9c7b93c7deb2d49d06fecf03732dfd7"
"md","SKILL","bmb","bmb/bmad-agent-builder/SKILL.md","8a05c5fe4353064cd2c08793489872aba72bdacef41fc8f28653f8c02dc3d51b"
"md","SKILL","bmb","bmb/bmad-bmb-setup/SKILL.md","f4018832218e7000e76ac0294174a9c94a78d4326fae7c8377609030d2f4af43"
"md","SKILL","bmb","bmb/bmad-eval-runner/SKILL.md","556f4380147afd7cf52cf644c7da0ee60f229ae6951b1a367b33e7f99f7af1b9"
"md","SKILL","bmb","bmb/bmad-module-builder/assets/setup-skill-template/SKILL.md","eb515ba157903a6ccd07ba1de3bb53a987e391f45efbb4d8d4a12ca99c9c770a"
"md","SKILL","bmb","bmb/bmad-module-builder/SKILL.md","ba3932750a6dc6b8e5e4334bebce662a31fab6ecd7036b98532c70a5735a0863"
"md","SKILL","bmb","bmb/bmad-workflow-builder/SKILL.md","73e0db735ce2d3381a93dc380da57d37ace1e9190a6ed326fe32eb7ab7f59147"
"md","skill-quality-principles","bmb","bmb/bmad-workflow-builder/references/skill-quality-principles.md","5c14368ce4aa0b8c23043da65b8251245c4c9135b97cdd2dd9bb72f5f86c101b"
"md","SKILL-template","bmb","bmb/bmad-agent-builder/assets/SKILL-template.md","aa66f6c5201c314d72c22ccd803898b44eb5e432cc8791dd1c9ca7c8ea7ed141"
"md","SKILL-template","bmb","bmb/bmad-workflow-builder/assets/SKILL-template.md","1bcce5b99fe0f02721a375c3975f01a079b3e5dbb89230c9ee2bcc1ae1b34c05"
"md","SKILL-template-bootloader","bmb","bmb/bmad-agent-builder/assets/SKILL-template-bootloader.md","e011b19c449aea4a3135a2bc76e2503907c7a8fc56ebd9c1b233c3cf3c91cf02"
"md","standard-fields","bmb","bmb/bmad-agent-builder/references/standard-fields.md","c37123b78184ba66c8666cebf2153e4fd611e8a3cf7b3d81a4e1a8972c91fbc9"
"md","standard-fields","bmb","bmb/bmad-workflow-builder/references/standard-fields.md","57ae9aaa273670eaf9b5d51e445f75767ea4c57e60d79544743bf410484b85ad"
"md","standing-order-guidance","bmb","bmb/bmad-agent-builder/references/standing-order-guidance.md","08cf3416a02038f50763cb8556a4220501a3459c0e87a83e356c0d7f6a0d9c55"
"md","template-substitution-rules","bmb","bmb/bmad-agent-builder/references/template-substitution-rules.md","3049f2661b42d99949415d8b790016a952e00b216d2aea927ab2d97f455115df"
"md","validate-module","bmb","bmb/bmad-module-builder/references/validate-module.md","de07b97147200fa95f16ee4305985a090d94fe35c7fbbb9de29ff2f0be58b55f"
"md","working-state-patterns","bmb","bmb/bmad-workflow-builder/references/working-state-patterns.md","a5719b601c3f8a87c8d000c1ef20ad0bcd48526eeb337e50aed066063677a203"
"py","aggregate_benchmark","bmb","bmb/bmad-eval-runner/scripts/aggregate_benchmark.py","b344a6371694aee4ff9b02f3d1e9c90eecaa5e1187e9e6317179cb524669ad1f"
"py","cleanup-legacy","bmb","bmb/bmad-bmb-setup/scripts/cleanup-legacy.py","61e417cc87724bc546e79b49fd0d034fe5aac08b05e30e2fc79683ee669a2888"
"py","cleanup-legacy","bmb","bmb/bmad-module-builder/assets/setup-skill-template/scripts/cleanup-legacy.py","61e417cc87724bc546e79b49fd0d034fe5aac08b05e30e2fc79683ee669a2888"
"py","count_tokens","bmb","bmb/bmad-agent-builder/scripts/count_tokens.py","1249c7ec8e2c1e220e11b2925803ae2c56f6c2f1a3d7ef536f011ecca5b0aa27"
"py","count_tokens","bmb","bmb/bmad-workflow-builder/scripts/count_tokens.py","bb48b232d1b89dafa207d87310f5deaf995c5f78535836ddf6f89343644b330b"
"py","init_skill","bmb","bmb/bmad-workflow-builder/scripts/init_skill.py","1d6af0623937f0062ae7d18307a6d68d35fc20b5fd8a51823dbbe749b42f29bd"
"py","init-sanctum-template","bmb","bmb/bmad-agent-builder/assets/init-sanctum-template.py","918a4251c30f8fb18a20366d3b42e4d15705e9632ec281a9c6058d03c028af61"
"py","memlog","bmb","bmb/bmad-agent-builder/scripts/memlog.py","447037fbeb89d87218661cafa4a854ddd67766aba0b9c0f7d9c3397473c17414"
"py","memlog","bmb","bmb/bmad-eval-runner/scripts/memlog.py","bcc00bea3c1be96e2785a7fde86417ce2506405a2c63a27778255bdc1045a559"
"py","memlog","bmb","bmb/bmad-workflow-builder/scripts/memlog.py","bcc00bea3c1be96e2785a7fde86417ce2506405a2c63a27778255bdc1045a559"
"py","merge-config","bmb","bmb/bmad-bmb-setup/scripts/merge-config.py","4ac4dcc7d403577034d0f4243337c54bfbc117786523d8ce674d9b60595185c2"
"py","merge-config","bmb","bmb/bmad-module-builder/assets/setup-skill-template/scripts/merge-config.py","4ac4dcc7d403577034d0f4243337c54bfbc117786523d8ce674d9b60595185c2"
"py","merge-config","bmb","bmb/bmad-module-builder/assets/standalone-module-template/merge-config.py","4ac4dcc7d403577034d0f4243337c54bfbc117786523d8ce674d9b60595185c2"
"py","merge-help-csv","bmb","bmb/bmad-bmb-setup/scripts/merge-help-csv.py","f66083634b447600e7550c19213086962d330bbc37952d3c69152d5bdb6d269b"
"py","merge-help-csv","bmb","bmb/bmad-module-builder/assets/setup-skill-template/scripts/merge-help-csv.py","f66083634b447600e7550c19213086962d330bbc37952d3c69152d5bdb6d269b"
"py","merge-help-csv","bmb","bmb/bmad-module-builder/assets/standalone-module-template/merge-help-csv.py","f66083634b447600e7550c19213086962d330bbc37952d3c69152d5bdb6d269b"
"py","prepass","bmb","bmb/bmad-agent-builder/scripts/prepass.py","1f1346102e1cb28346df2b2c48ad3c62e05722dfb63ae34041787a0049ee9e87"
"py","prepass-prompt-metrics","bmb","bmb/bmad-workflow-builder/scripts/prepass-prompt-metrics.py","f492ea95e7055ac433fb0640e72b2779a10c975fa31946ddccb38e6bb3186f75"
"py","prepass-workflow-integrity","bmb","bmb/bmad-workflow-builder/scripts/prepass-workflow-integrity.py","af309daa3c98b7a79784ee50bf64c99acffddd7c9f4fab2402de03df231e528c"
"py","process-template","bmb","bmb/bmad-agent-builder/scripts/process-template.py","1a249b68a7e432acef8236287bd574a3e6b0f92114baf074331240ac9b80e095"
"py","quick_validate","bmb","bmb/bmad-workflow-builder/scripts/quick_validate.py","2e8387e2c878c9e26477654fa4408146edf93454946ba8de5c0a5b9fda3bc7ad"
"py","render_report","bmb","bmb/bmad-agent-builder/scripts/render_report.py","1711121adccede19d9239c37ec63e3982d8b37f66027c702f2cfc67f472e0415"
"py","render_report","bmb","bmb/bmad-workflow-builder/scripts/render_report.py","1711121adccede19d9239c37ec63e3982d8b37f66027c702f2cfc67f472e0415"
"py","run_evals","bmb","bmb/bmad-eval-runner/scripts/run_evals.py","33264310d4687e8d9390ac50de91ac67f3ea2993d6634e570a7a589a93acd97b"
"py","run_triggers","bmb","bmb/bmad-eval-runner/scripts/run_triggers.py","e59b3a8734f0b4303ec276959f9a405979bdb39628c01725c98f451723ee3410"
"py","scaffold-setup-skill","bmb","bmb/bmad-module-builder/scripts/scaffold-setup-skill.py","20827c954f2114cdeaf6bf600b9da076e87841bd7d1d18fbd0dcb3f115e4e21b"
"py","scaffold-standalone-module","bmb","bmb/bmad-module-builder/scripts/scaffold-standalone-module.py","3f6b28514afbc8c0afcca8ec3012ceeb797ff2061660a607ffe7f50b4ab2b34c"
"py","scan-path-standards","bmb","bmb/bmad-agent-builder/scripts/scan-path-standards.py","a8dbc83576021448449d52fbf0b24bf2be8375f6303571ebc1d9cb06202f26d1"
"py","scan-path-standards","bmb","bmb/bmad-workflow-builder/scripts/scan-path-standards.py","fa3a18047c3bed7b6c686e729b24afe2e6b0d01c29a7bad266777e6ca7ccb52f"
"py","scan-scripts","bmb","bmb/bmad-agent-builder/scripts/scan-scripts.py","9ac2d4f08973e1a639832b8a710424dee29d44e109f8eae7143f84c0ae31b945"
"py","scan-scripts","bmb","bmb/bmad-workflow-builder/scripts/scan-scripts.py","d615afcff675655a60e5c9772c4a45aa4b97caac1ca8e1d81dab0b82bf95269b"
"py","test_canon_sync","bmb","bmb/bmad-workflow-builder/scripts/tests/test_canon_sync.py","2724b740cfed7a65be0ce98072f6b6350035830235e956532ee04afa01944fd3"
"py","test_count_tokens","bmb","bmb/bmad-workflow-builder/scripts/tests/test_count_tokens.py","e2bda780f9217fc2c06465f1c3fb1e23d738658d9b7c2241e760cef487eb4876"
"py","test_env_isolation","bmb","bmb/bmad-eval-runner/scripts/tests/test_env_isolation.py","51c993888082c64b0d07f46257762f51fc57ca844f49e0ff43e3e04bcf61d709"
"py","test_memlog","bmb","bmb/bmad-workflow-builder/scripts/tests/test_memlog.py","5108984e36b89d1257d6f1c5d6b2082b48163ec6ff6427b27ae30f07d356964a"
"py","test_render_report","bmb","bmb/bmad-workflow-builder/scripts/tests/test_render_report.py","9463104856003fa0c912f2629815256da14933831815d4854252677f0b1bd504"
"py","test_trigger_detection","bmb","bmb/bmad-eval-runner/scripts/tests/test_trigger_detection.py","93ed1fc7ec37b080a71379f3ff348991272c09c81fb44658e36a6a74f1af02be"
"py","test-scaffold-setup-skill","bmb","bmb/bmad-module-builder/scripts/tests/test-scaffold-setup-skill.py","3b71c5338e925e8b0bc80c2da65df83b163797d9c7b1e295b5cf17897042c965"
"py","test-scaffold-standalone-module","bmb","bmb/bmad-module-builder/scripts/tests/test-scaffold-standalone-module.py","049fa0177f20e76be6540ae651ee6612b44bfd23a67d91386a974f706f33fffe"
"py","test-validate-module","bmb","bmb/bmad-module-builder/scripts/tests/test-validate-module.py","c060febc22358ae59855e3fa21cc16054101917d99ddfa5ff3ac3566281b08b5"
"py","validate-module","bmb","bmb/bmad-module-builder/scripts/validate-module.py","4108145c5e29029d93b08dd639c4ddb542e125ab96854d9eb5bb835505e35c15"
"py","wake-template","bmb","bmb/bmad-agent-builder/assets/wake-template.py","149d72fe66150caff8938e5d8437c557d8d063a9d517feae6063543ff29a634a"
"toml","customize","bmb","bmb/bmad-agent-builder/customize.toml","2f9ca69dfebe2b88768ee245fb01c32bf21389e313cb7755f05c65479ae2d366"
"toml","customize","bmb","bmb/bmad-workflow-builder/customize.toml","bc0a6820ddd94b89a428d8b63d22d9c9e279e65a3fbb226ae485c4aa7feddf0e"
"toml","customize-template","bmb","bmb/bmad-agent-builder/assets/customize-template.toml","b3fc3d9245ced66e42d0325c35cdb38acab73a32cb31a08d2dcf6551bd40189b"
"toml","customize-template","bmb","bmb/bmad-workflow-builder/assets/customize-template.toml","40b4fa883b98855666dedda85a78c789b01ecf6d785c4ea22cf21473f9cd40d8"
"toml","sample-customize-analyst","bmb","bmb/bmad-agent-builder/assets/sample-customize-analyst.toml","cf50518604719b565622be875d7e1b44fa4f7b6fc410d983480e7f8fe00536cf"
"toml","sample-customize-product-brief","bmb","bmb/bmad-workflow-builder/assets/sample-customize-product-brief.toml","98c5053a12430b97f4f0d889fb5389ef98a11966cf41da43186429b3da5b22b1"
"yaml","config","bmb","bmb/config.yaml","986ececdcf8e359eaa0f5c632cb164ea3f41b55d6acb77a152ae513e27529e91"
"yaml","module","bmb","bmb/bmad-bmb-setup/assets/module.yaml","839af95d4bc13ba702523463017f8036a86352734e08da6d67fb3ce813fcb8e7"
"yaml","module","bmb","bmb/bmad-module-builder/assets/setup-skill-template/assets/module.yaml","4062c41ba4f4333735d7ac4f15f3823b09a964437817ce3e44eb0f766eaf1fbc"
"csv","documentation-requirements","bmm","bmm/1-analysis/bmad-document-project/documentation-requirements.csv","d1253b99e88250f2130516b56027ed706e643bfec3d99316727a4c6ec65c6c1d"
"csv","domain-complexity","bmm","bmm/3-solutioning/bmad-create-architecture/data/domain-complexity.csv","3dc34ed39f1fc79a51f7b8fc92087edb7cd85c4393a891d220f2e8dd5a101c70"
"csv","module-help","bmm","bmm/module-help.csv","44aeae5ba00ace308ebfba304548613b75c4ee4e9875e9a1afc9385689fbfe5f"
"csv","project-types","bmm","bmm/3-solutioning/bmad-create-architecture/data/project-types.csv","12343635a2f11343edb1d46906981d6f5e12b9cad2f612e13b09460b5e5106e7"
"html","validation-report-template","bmm","bmm/2-plan-workflows/bmad-prd/assets/validation-report-template.html","a80becdd8205d2d7c18738855830b096172a496b96b5ca8a0820ec55c9bb8bf9"
"html","validation-report-template","bmm","bmm/2-plan-workflows/bmad-ux/assets/validation-report-template.html","8656945636fabe96624f8ef8fce931b073b5aecbe42d490584c1d5c7f31e1353"
"json","bmad-manifest","bmm","bmm/1-analysis/bmad-prfaq/bmad-manifest.json","7908cab6f0cd66f1f3427b4cc659975b4737bdc44f789b23c6a895fcd084c4bc"
"json","project-scan-report-schema","bmm","bmm/1-analysis/bmad-document-project/templates/project-scan-report-schema.json","8466965321f1db22f5013869636199f67e0113706283c285a7ffbbf5efeea321"
"md","architecture-decision-template","bmm","bmm/3-solutioning/bmad-create-architecture/architecture-decision-template.md","5d9adf90c28df61031079280fd2e49998ec3b44fb3757c6a202cda353e172e9f"
"md","artifact-analyzer","bmm","bmm/1-analysis/bmad-prfaq/agents/artifact-analyzer.md","7bdc44830f8d593346ec0ee15e36e1e431432fcc6c38b70bb861999315c9cfa4"
"md","brief-template","bmm","bmm/1-analysis/bmad-product-brief/assets/brief-template.md","bb28edf75d023067551c8d417b19b8803324e7acfb2ad0c80f882e9134f4c1f1"
"md","case-file-template","bmm","bmm/4-implementation/bmad-investigate/references/case-file-template.md","9dccb41f3f3fc796b42411966e51b32c4231aaceb4b6bb1880a16225a990002e"
"md","checklist","bmm","bmm/1-analysis/bmad-document-project/checklist.md","581b0b034c25de17ac3678db2dbafedaeb113de37ddf15a4df6584cf2324a7d7"
"md","checklist","bmm","bmm/4-implementation/bmad-correct-course/checklist.md","3e082b95def90ccb876e3101ce0bbaf797a0f03a9471e1347361897f27977327"
"md","checklist","bmm","bmm/4-implementation/bmad-create-story/checklist.md","b94e28e774c3be0288f04ea163424bece4ddead5cd3f3680d1603ed07383323a"
"md","checklist","bmm","bmm/4-implementation/bmad-dev-story/checklist.md","630b68c6824a8785003a65553c1f335222b17be93b1bd80524c23b38bde1d8af"
"md","checklist","bmm","bmm/4-implementation/bmad-qa-generate-e2e-tests/checklist.md","b58f810aeb1040c2f6758c88aa133afce72f8cc178d3d97ff0fbaa3d943057dc"
"md","checklist","bmm","bmm/4-implementation/bmad-sprint-planning/checklist.md","80b10aedcf88ab1641b8e5f99c9a400c8fd9014f13ca65befc5c83992e367dd7"
"md","color-themes","bmm","bmm/2-plan-workflows/bmad-ux/assets/color-themes.md","48fac7943e8584ccf7dd1bcdfdfd4513366a086a3a84965b6b302ccf6607c171"
"md","compile-epic-context","bmm","bmm/4-implementation/bmad-quick-dev/compile-epic-context.md","5cfda02f252941e415b80c57b4528f46226b3cbf456ad45d78fcb5a7ef4816e2"
"md","creative-tools","bmm","bmm/2-plan-workflows/bmad-ux/references/creative-tools.md","adb3e976aa60ccb5d8c8a34294c70806c424ec784b6b532d8f9032b92caffa67"
"md","customer-faq","bmm","bmm/1-analysis/bmad-prfaq/references/customer-faq.md","96f8565197649c58908a1d61b6cd805fd01f57da7945ba889c18d087ad597aeb"
"md","deep-dive-instructions","bmm","bmm/1-analysis/bmad-document-project/workflows/deep-dive-instructions.md","a79e24b93a25ab456062916a9dad7b6a16dc43ac0b4b555700d3c3751cff0d25"
"md","deep-dive-template","bmm","bmm/1-analysis/bmad-document-project/templates/deep-dive-template.md","6198aa731d87d6a318b5b8d180fc29b9aa53ff0966e02391c17333818e94ffe9"
"md","deep-dive-workflow","bmm","bmm/1-analysis/bmad-document-project/workflows/deep-dive-workflow.md","a64d98dfa3b771df2853c4fa19a4e9c90d131e409e13b4c6f5e494d6ac715125"
"md","design-directions","bmm","bmm/2-plan-workflows/bmad-ux/assets/design-directions.md","a27225c4ebd80689d8f98c711c15ce8d525c0229bf7247591a7423f20ba88e74"
"md","design-example-editorial","bmm","bmm/2-plan-workflows/bmad-ux/assets/design-example-editorial.md","a659166845b1a4ed3f9aef942c5935537a97382b10303684fbb78ed86265870e"
"md","design-example-mobile","bmm","bmm/2-plan-workflows/bmad-ux/assets/design-example-mobile.md","a93fb9f114f2e83af0c961c0d7909b3859fc80bcd713715517cd639a53a0372a"
"md","design-example-shadcn","bmm","bmm/2-plan-workflows/bmad-ux/assets/design-example-shadcn.md","25e0dfb2bb21483973a8f0a6ed650288b3dc2ae5ed02aa0f091bb9b6b0b39fc0"
"md","design-md-spec","bmm","bmm/2-plan-workflows/bmad-ux/references/design-md-spec.md","d04d5f663607aba3f3181e818ae33856e6caf5e560dcb16fa64ed80b7cf3d590"
"md","discover-inputs","bmm","bmm/4-implementation/bmad-create-story/discover-inputs.md","dfedba6a8ea05c9a91c6d202c4b29ee3ea793d8ef77575034787ae0fef280507"
"md","epics-template","bmm","bmm/3-solutioning/bmad-create-epics-and-stories/templates/epics-template.md","a804f740155156d89661fa04e7a4264a8f712c4dc227c44fd8ae804a9b0f6b72"
"md","excalidraw-wireframe","bmm","bmm/2-plan-workflows/bmad-ux/assets/excalidraw-wireframe.md","660bbcdebff50cd044a3752eda43f3cb303aca4b0f521b55a270da93b89ddb18"
"md","experience-example-mobile","bmm","bmm/2-plan-workflows/bmad-ux/assets/experience-example-mobile.md","f8cd54c92193cd8c34a472df9c212ac7330976f6a115b729721dcb60034dc4f0"
"md","experience-example-shadcn","bmm","bmm/2-plan-workflows/bmad-ux/assets/experience-example-shadcn.md","d6ca16e87b768e8b41f352c02ee08af21d7cdac04ca21e6ae1556864b4d27590"
"md","explain-concept","bmm","bmm/1-analysis/bmad-agent-tech-writer/explain-concept.md","6ea82dbe4e41d4bb8880cbaa62d936e40cef18f8c038be73ae6e09c462abafc9"
"md","full-scan-instructions","bmm","bmm/1-analysis/bmad-document-project/workflows/full-scan-instructions.md","2235945df2ae261265187447ce593238e132a026a9b88d3507a1f1d6808a0263"
"md","full-scan-workflow","bmm","bmm/1-analysis/bmad-document-project/workflows/full-scan-workflow.md","3bff88a392c16602bd44730f32483505e73e65e46e82768809c13a0a5f55608b"
"md","generate-trail","bmm","bmm/4-implementation/bmad-checkpoint-preview/generate-trail.md","4a5936d86fbe5a85285b4535097b1e2edda8849da35586f4b588a982d7224459"
"md","headless","bmm","bmm/2-plan-workflows/bmad-prd/references/headless.md","79d2c05481f016b73bff0169a9fff4bb7f54608904c91c717b6b7627c5e63b48"
"md","headless","bmm","bmm/2-plan-workflows/bmad-ux/references/headless.md","26943a9482800603334a9eeb3f27363ac91d4061ae3ee67d32a0f78e1fe61c22"
"md","headless-schemas","bmm","bmm/2-plan-workflows/bmad-prd/assets/headless-schemas.md","66a5b1f0ce22c7baf3a6b6a14feb7458491b1106bef437389cd6291f81eebd7f"
"md","headless-schemas","bmm","bmm/2-plan-workflows/bmad-ux/assets/headless-schemas.md","ea85db9a686eb59cb62395b72ea6f27c8ff4205a17edb5b70d959c6ed16a8b94"
"md","index-template","bmm","bmm/1-analysis/bmad-document-project/templates/index-template.md","42c8a14f53088e4fda82f26a3fe41dc8a89d4bcb7a9659dd696136378b64ee90"
"md","instructions","bmm","bmm/1-analysis/bmad-document-project/instructions.md","9f4bc3a46559ffd44289b0d61a0f8f26f829783aa1c0e2a09dfa807fa93eb12f"
"md","internal-faq","bmm","bmm/1-analysis/bmad-prfaq/references/internal-faq.md","26eb83f844cda1ed8efb50f4703d61713ada8a64bd27eb387f759f858b5748de"
"md","key-screens","bmm","bmm/2-plan-workflows/bmad-ux/assets/key-screens.md","a546c6071f62ee4298c7ecb2b4d52e90d5db82dd65ed6a870787b2d54c0f9204"
"md","mermaid-gen","bmm","bmm/1-analysis/bmad-agent-tech-writer/mermaid-gen.md","1d83fcc5fa842bc31ecd9fd7e45fbf013fabcadf0022d3391fff5b53b48e4b5d"
"md","prd-template","bmm","bmm/2-plan-workflows/bmad-prd/assets/prd-template.md","41e77bd5c4ee81c3f383b55d6f515147afc9c4bd1a3317ddf55a9282deae495c"
"md","prd-validation-checklist","bmm","bmm/2-plan-workflows/bmad-prd/assets/prd-validation-checklist.md","41d9f09064772a92ec908d970618e47ba63dc86b5c5a1a21d5a2c676d3ba8e3f"
"md","press-release","bmm","bmm/1-analysis/bmad-prfaq/references/press-release.md","c406adb0e2d2cc326cbc45d0174f89d014523448ad82bc272293999d22aec596"
"md","prfaq-template","bmm","bmm/1-analysis/bmad-prfaq/assets/prfaq-template.md","b27e6964f0437ab4e78c8c0ffbe5052c28e3b3ef2fc811726cbb394d5a5c7559"
"md","project-context-template","bmm","bmm/3-solutioning/bmad-generate-project-context/project-context-template.md","54e351394ceceb0ac4b5b8135bb6295cf2c37f739c7fd11bb895ca16d79824a5"
"md","project-overview-template","bmm","bmm/1-analysis/bmad-document-project/templates/project-overview-template.md","a7c7325b75a5a678dca391b9b69b1e3409cfbe6da95e70443ed3ace164e287b2"
"md","readiness-report-template","bmm","bmm/3-solutioning/bmad-check-implementation-readiness/templates/readiness-report-template.md","0da97ab1e38818e642f36dc0ef24d2dae69fc6e0be59924dc2dbf44329738ff6"
"md","research.template","bmm","bmm/1-analysis/research/bmad-domain-research/research.template.md","507bb6729476246b1ca2fca4693986d286a33af5529b6cd5cb1b0bb5ea9926ce"
"md","research.template","bmm","bmm/1-analysis/research/bmad-market-research/research.template.md","507bb6729476246b1ca2fca4693986d286a33af5529b6cd5cb1b0bb5ea9926ce"
"md","research.template","bmm","bmm/1-analysis/research/bmad-technical-research/research.template.md","507bb6729476246b1ca2fca4693986d286a33af5529b6cd5cb1b0bb5ea9926ce"
"md","SKILL","bmm","bmm/1-analysis/bmad-agent-analyst/SKILL.md","fca38a404e79508ebc39235d0162bcb475b02407a913e3e5bd8c5526b2b261a6"
"md","SKILL","bmm","bmm/1-analysis/bmad-agent-tech-writer/SKILL.md","7544242ff68d0ddfd466274f40ae9f3b0ea06ee5f5f938f68f953e19b3598cd7"
"md","SKILL","bmm","bmm/1-analysis/bmad-document-project/SKILL.md","806d73f66a8f3f3e7b3cbd3b9a87ad4d8b9aabd3ff91f37c96edef36a17aa2b3"
"md","SKILL","bmm","bmm/1-analysis/bmad-prfaq/SKILL.md","42bbfe91af6826463c30dad6ba4038ebc755e8b3bc3d74b7853bd0432f4384c1"
"md","SKILL","bmm","bmm/1-analysis/bmad-product-brief/SKILL.md","1aa3756bf48864462970c53801cb5b39c12b525a3f8d9411e3d1f5e4b7afdb94"
"md","SKILL","bmm","bmm/1-analysis/research/bmad-domain-research/SKILL.md","2308f7e21f78d7f2ed43d560dbcdbfa2af236d6a81988495f28baf0e81a03206"
"md","SKILL","bmm","bmm/1-analysis/research/bmad-market-research/SKILL.md","13f2c2148061dc6688c4c9d81b5e5b98fbfe4d7294eba0daa0cac5b17f7a0593"
"md","SKILL","bmm","bmm/1-analysis/research/bmad-technical-research/SKILL.md","290c5aec88886a623f620e59e43090d11791b0fade357bae2b9de9ae510d3159"
"md","SKILL","bmm","bmm/2-plan-workflows/bmad-agent-pm/SKILL.md","e2ebea0bf6ee158fcb9e62731a185983f2ac59f664940f4f4320cf10e1bbdf92"
"md","SKILL","bmm","bmm/2-plan-workflows/bmad-agent-ux-designer/SKILL.md","d780ae59b9fb7e3a94c5ffe4ec75f90942d4a9a3944af4b36c2d279fdd7801db"
"md","SKILL","bmm","bmm/2-plan-workflows/bmad-create-prd/SKILL.md","143c5c2d85734021db343ff3dbf143e804eddbf9fb519fb824b70f1a9154767d"
"md","SKILL","bmm","bmm/2-plan-workflows/bmad-edit-prd/SKILL.md","31ecfe3c16513d994e44e648a7f2d4f4a6ccf297ca6c1826aa68ef7b053e7ff2"
"md","SKILL","bmm","bmm/2-plan-workflows/bmad-prd/SKILL.md","53e3212e2c3321b70dd05b29ac6b9089a0d7eeb345fd99d9d6439e1c294e85b2"
"md","SKILL","bmm","bmm/2-plan-workflows/bmad-ux/SKILL.md","e514708b3c56848ec9dece8845efc96d2cf3b36fb18c04ff464653cab1165a0c"
"md","SKILL","bmm","bmm/2-plan-workflows/bmad-validate-prd/SKILL.md","931439b8c84bc454d0596a1ad35d6583c1926c941f2928c54b31aea702c24b53"
"md","SKILL","bmm","bmm/3-solutioning/bmad-agent-architect/SKILL.md","82bbf22ff3a4571741c9339ae6b7c35676a6e26a3237ceca487abe85369e91a0"
"md","SKILL","bmm","bmm/3-solutioning/bmad-check-implementation-readiness/SKILL.md","a7e12eae2bdb5a95cc0534e6d5bf58e7ce4b947327a494d475ef98e67f03718a"
"md","SKILL","bmm","bmm/3-solutioning/bmad-create-architecture/SKILL.md","9863398b2a4e4603130d86f70b1e76bead4ffbf5b9883a12d9d57a925efdaed4"
"md","SKILL","bmm","bmm/3-solutioning/bmad-create-epics-and-stories/SKILL.md","4ec9ec255c2c0e97ae912342ae1445318e672aa1c2a9e412806b7d7ef7d5a6a7"
"md","SKILL","bmm","bmm/3-solutioning/bmad-generate-project-context/SKILL.md","f25e05d8c3923f331f96a73e6ba8bb8b055b5ca2aa548402a3b633141b8dea21"
"md","SKILL","bmm","bmm/4-implementation/bmad-agent-dev/SKILL.md","54ab6d9d60d7ed7e84d6510cf325734b66feb1b419131436672559584b4bf508"
"md","SKILL","bmm","bmm/4-implementation/bmad-checkpoint-preview/SKILL.md","34613078dbea9c55e45df016399328d8360579fd381301a5de78bb52c3597591"
"md","SKILL","bmm","bmm/4-implementation/bmad-code-review/SKILL.md","469e9478941710a1a752cac3e8c3c0e5f8828e63b27359a8c236d83d5deb4940"
"md","SKILL","bmm","bmm/4-implementation/bmad-correct-course/SKILL.md","5064ef2e7aedfb094bef912d5e4d6680318a1904d9bcdc7875d3dc16bb253ea4"
"md","SKILL","bmm","bmm/4-implementation/bmad-create-story/SKILL.md","23551a5b6ad1df44cd8020065d3ccbc8afafcb00961aca203a90d0584ea08190"
"md","SKILL","bmm","bmm/4-implementation/bmad-dev-story/SKILL.md","f12801307b157f04d2bde7da104e1ebde3f2898bd3a60326da928d5b9fc793ac"
"md","SKILL","bmm","bmm/4-implementation/bmad-investigate/SKILL.md","c544661dd73d01728c8de8c96622d16b8e8ffe423352f04b2093d5d4b6a0274a"
"md","SKILL","bmm","bmm/4-implementation/bmad-qa-generate-e2e-tests/SKILL.md","9e78729569b2dc8e24e5f8eb016a851c4efd5c1920e2c91e0e3175fc6899d98d"
"md","SKILL","bmm","bmm/4-implementation/bmad-quick-dev/SKILL.md","4c67bf5f805cd73c2a45587f24dcc88c2ea16fce7bfb53c1d9de1479763a5b68"
"md","SKILL","bmm","bmm/4-implementation/bmad-retrospective/SKILL.md","ced7497014942601a47c66193d0f2a6daf0c4da3d64c14691c5900a7fca4398e"
"md","SKILL","bmm","bmm/4-implementation/bmad-sprint-planning/SKILL.md","ee30e6b908ea266e308d51c4163d55dceb2913fb09359b647fe5533852572b60"
"md","SKILL","bmm","bmm/4-implementation/bmad-sprint-status/SKILL.md","1f4b2ff81d337101d836d3eb8e73998b0495423593675a688aee43cec23eebf1"
"md","source-tree-template","bmm","bmm/1-analysis/bmad-document-project/templates/source-tree-template.md","109bc335ebb22f932b37c24cdc777a351264191825444a4d147c9b82a1e2ad7a"
"md","spec-template","bmm","bmm/4-implementation/bmad-quick-dev/spec-template.md","3ee15d5a63cf5eeee74149c590668fc61d0e44023eac12988a1ca2a9438a9d39"
"md","step-01-clarify-and-route","bmm","bmm/4-implementation/bmad-quick-dev/step-01-clarify-and-route.md","b5eb9f0cecf2a462885b8e7b4c21abbaec1e95c8abbd76bc410d9090fd8379f0"
"md","step-01-discover","bmm","bmm/3-solutioning/bmad-generate-project-context/steps/step-01-discover.md","8b2c8c7375f8a3c28411250675a28c0d0a9174e6c4e67b3d53619888439c4613"
"md","step-01-document-discovery","bmm","bmm/3-solutioning/bmad-check-implementation-readiness/steps/step-01-document-discovery.md","c763b512d55906122433cb65c1bcd5b5b283e45eacdc07281c8ec7596b6b3980"
"md","step-01-gather-context","bmm","bmm/4-implementation/bmad-code-review/steps/step-01-gather-context.md","d0ee7558605e9d48b5b6f15d9b535542eb6d922613f529bb520326eacade4171"
"md","step-01-init","bmm","bmm/1-analysis/research/bmad-domain-research/domain-steps/step-01-init.md","efee243f13ef54401ded88f501967b8bc767460cec5561b2107fc03fe7b7eab1"
"md","step-01-init","bmm","bmm/1-analysis/research/bmad-market-research/steps/step-01-init.md","64d5501aea0c0005db23a0a4d9ee84cf4e9239f553c994ecc6b1356917967ccc"
"md","step-01-init","bmm","bmm/1-analysis/research/bmad-technical-research/technical-steps/step-01-init.md","c9a1627ecd26227e944375eb691e7ee6bc9f5db29a428a5d53e5d6aef8bb9697"
"md","step-01-init","bmm","bmm/3-solutioning/bmad-create-architecture/steps/step-01-init.md","5119205b712ebda0cd241c3daad217bb0f6fa9e6cb41d6635aec6b7fe83b838a"
"md","step-01-orientation","bmm","bmm/4-implementation/bmad-checkpoint-preview/step-01-orientation.md","d9e3b949c36d49a025f3535773af2b51888fe4ce616b6d6d69683a122716b1d2"
"md","step-01-validate-prerequisites","bmm","bmm/3-solutioning/bmad-create-epics-and-stories/steps/step-01-validate-prerequisites.md","5c2aabc871363d84fc2e12fd83a3889e9d752b6bd330e31a0067c96204dd4880"
"md","step-01b-continue","bmm","bmm/3-solutioning/bmad-create-architecture/steps/step-01b-continue.md","4bf216008297dcea25f8be693109cf17879c621865b302c994cdd15aa5124e5f"
"md","step-02-context","bmm","bmm/3-solutioning/bmad-create-architecture/steps/step-02-context.md","4381c5128de7d5c02ac806a1263e3965754bd2598954f3188219fbd87567e5c9"
"md","step-02-customer-behavior","bmm","bmm/1-analysis/research/bmad-market-research/steps/step-02-customer-behavior.md","bac4de244049f90d1f2eb95e2cc9389cc84966d9538077fef1ec9c35e4533849"
"md","step-02-design-epics","bmm","bmm/3-solutioning/bmad-create-epics-and-stories/steps/step-02-design-epics.md","7c66987808c1f84e853fe54b7aff26d209196d450b5644704110f124a15179bc"
"md","step-02-domain-analysis","bmm","bmm/1-analysis/research/bmad-domain-research/domain-steps/step-02-domain-analysis.md","385a288d9bbb0adf050bcce4da4dad198a9151822f9766900404636f2b0c7f9d"
"md","step-02-generate","bmm","bmm/3-solutioning/bmad-generate-project-context/steps/step-02-generate.md","b1f063edae66a74026b67a79a245cec7ee85438bafcacfc70dcf6006b495e060"
"md","step-02-plan","bmm","bmm/4-implementation/bmad-quick-dev/step-02-plan.md","72f4df415adceaaf554166983559e058c6a019d783d0f87cf42c401db3c5f52c"
"md","step-02-prd-analysis","bmm","bmm/3-solutioning/bmad-check-implementation-readiness/steps/step-02-prd-analysis.md","38be2bf4b924c0b5b395b57d68f685d790ade7b1a6c10993d3c550675f87d954"
"md","step-02-review","bmm","bmm/4-implementation/bmad-code-review/steps/step-02-review.md","1883758e0e91fba439497d04417f03d778f3f6fb12754f49aa8cfa5e15489f70"
"md","step-02-technical-overview","bmm","bmm/1-analysis/research/bmad-technical-research/technical-steps/step-02-technical-overview.md","9c7582241038b16280cddce86f2943216541275daf0a935dcab78f362904b305"
"md","step-02-walkthrough","bmm","bmm/4-implementation/bmad-checkpoint-preview/step-02-walkthrough.md","66cf893f8f968ee81034e9ccd8c20415692c3a8c23a9a143c2245fe6c800acdc"
"md","step-03-competitive-landscape","bmm","bmm/1-analysis/research/bmad-domain-research/domain-steps/step-03-competitive-landscape.md","f10aa088ba00c59491507f6519fb314139f8be6807958bb5fd1b66bff2267749"
"md","step-03-complete","bmm","bmm/3-solutioning/bmad-generate-project-context/steps/step-03-complete.md","e61463db76a8fa060411aa24127aee936d646b97564e9e2a883494ea50e68464"
"md","step-03-create-stories","bmm","bmm/3-solutioning/bmad-create-epics-and-stories/steps/step-03-create-stories.md","c5b787a82e4e49ed9cd9c028321ee1689f32b8cd69d89eea609b37cd3d481afc"
"md","step-03-customer-pain-points","bmm","bmm/1-analysis/research/bmad-market-research/steps/step-03-customer-pain-points.md","5b2418ccaaa89291c593efed0311b3895faad1e9181800d382da823a8eb1312a"
"md","step-03-detail-pass","bmm","bmm/4-implementation/bmad-checkpoint-preview/step-03-detail-pass.md","d48163b9f305f15af57729a8443142e47beb6c3e977554afe12b39ee49cb9fc0"
"md","step-03-epic-coverage-validation","bmm","bmm/3-solutioning/bmad-check-implementation-readiness/steps/step-03-epic-coverage-validation.md","7b187f03a47cba0325fcfd10240410db9c59d93768342fc2dd3de2a01ec23356"
"md","step-03-implement","bmm","bmm/4-implementation/bmad-quick-dev/step-03-implement.md","4d848865eafe5eeba7d83529c766bd410a9cc20a05de1d6a764954c7275b4749"
"md","step-03-integration-patterns","bmm","bmm/1-analysis/research/bmad-technical-research/technical-steps/step-03-integration-patterns.md","005d517a2f962e2172e26b23d10d5e6684c7736c0d3982e27b2e72d905814ad9"
"md","step-03-starter","bmm","bmm/3-solutioning/bmad-create-architecture/steps/step-03-starter.md","b7727e0f37bc5325e15abad1c54bef716d617df423336090189efd1d307a0b3f"
"md","step-03-triage","bmm","bmm/4-implementation/bmad-code-review/steps/step-03-triage.md","91eaa27f6a167702ead00da9e93565c9bff79dce92c02eccbca61b1d1ed39a80"
"md","step-04-architectural-patterns","bmm","bmm/1-analysis/research/bmad-technical-research/technical-steps/step-04-architectural-patterns.md","4636f23e9c585a7a0c90437a660609d913f16362c3557fc2e71d408d6b9f46ce"
"md","step-04-customer-decisions","bmm","bmm/1-analysis/research/bmad-market-research/steps/step-04-customer-decisions.md","f0bc25f2179b7490e7a6704159a32fc9e83ab616022355ed53acfe8e2f7059d5"
"md","step-04-decisions","bmm","bmm/3-solutioning/bmad-create-architecture/steps/step-04-decisions.md","7fc0ebb63ab5ad0efc470f1063c15f14f52f5d855da2382fd17576cf060a8763"
"md","step-04-final-validation","bmm","bmm/3-solutioning/bmad-create-epics-and-stories/steps/step-04-final-validation.md","6b83fcf177c24c6b43c2eb0df2efc1430cb0f357b3ab20ee8a5c5483c3fee079"
"md","step-04-present","bmm","bmm/4-implementation/bmad-code-review/steps/step-04-present.md","eee5687e9d7da9a0aeffd78180b8289fca804fc2d59896db5f65a8dd476e4869"
"md","step-04-regulatory-focus","bmm","bmm/1-analysis/research/bmad-domain-research/domain-steps/step-04-regulatory-focus.md","d22035529efe91993e698b4ebf297bf2e7593eb41d185a661c357a8afc08977b"
"md","step-04-review","bmm","bmm/4-implementation/bmad-quick-dev/step-04-review.md","e62a50a37ab20eb426f5abd44179dfac51548707b5e85e6fe7817c144cbe3dae"
"md","step-04-testing","bmm","bmm/4-implementation/bmad-checkpoint-preview/step-04-testing.md","28a56e868968ea2d18add0df8c4bccced0f94b698e218df3d45ddac072ce369c"
"md","step-04-ux-alignment","bmm","bmm/3-solutioning/bmad-check-implementation-readiness/steps/step-04-ux-alignment.md","f71e5f0d77615e885ae40fdee6b04c1dd6e472c871f87b515fe869cb5f6966fb"
"md","step-05-competitive-analysis","bmm","bmm/1-analysis/research/bmad-market-research/steps/step-05-competitive-analysis.md","17532051ad232cfc859f09ac3b44f9f4d542eb24cff8d07317126ccdff0d225a"
"md","step-05-epic-quality-review","bmm","bmm/3-solutioning/bmad-check-implementation-readiness/steps/step-05-epic-quality-review.md","d8a84e57f4e3a321734b5b5d093458ceb1e338744f18954c5a204f5ce3576185"
"md","step-05-implementation-research","bmm","bmm/1-analysis/research/bmad-technical-research/technical-steps/step-05-implementation-research.md","e2b8a2c79bcebadc85f3823145980fa47d7e7be8d1c112f686c6223c8c138608"
"md","step-05-patterns","bmm","bmm/3-solutioning/bmad-create-architecture/steps/step-05-patterns.md","3c80aba507aa46893ef43f07c5c321b985632ef57abc82d5ee93c3d9c2911134"
"md","step-05-present","bmm","bmm/4-implementation/bmad-quick-dev/step-05-present.md","ea49ce8703d4946ec54a59ff428d52ad64ab2649f49c43230bec1f3d09e85b55"
"md","step-05-technical-trends","bmm","bmm/1-analysis/research/bmad-domain-research/domain-steps/step-05-technical-trends.md","fd6c577010171679f630805eb76e09daf823c2b9770eb716986d01f351ce1fb4"
"md","step-05-wrapup","bmm","bmm/4-implementation/bmad-checkpoint-preview/step-05-wrapup.md","c2d4dbc17fed4f8ecbfcb09a2f9c77f0d4562bd27397270e2c27ba37cf4fe073"
"md","step-06-final-assessment","bmm","bmm/3-solutioning/bmad-check-implementation-readiness/steps/step-06-final-assessment.md","1b9c8c2a21950f85e052e05309bfcb3bfe38157ba6fca402ccf37444e7f1cee3"
"md","step-06-research-completion","bmm","bmm/1-analysis/research/bmad-market-research/steps/step-06-research-completion.md","4f5d3158a8462656d6959d29544ed5c92cb925641e2205e47af05c124fcd7666"
"md","step-06-research-synthesis","bmm","bmm/1-analysis/research/bmad-domain-research/domain-steps/step-06-research-synthesis.md","805f2cb7005a4fb0c4da52ea38d45de863f3e840e0f2de1456c414831cdbdf59"
"md","step-06-research-synthesis","bmm","bmm/1-analysis/research/bmad-technical-research/technical-steps/step-06-research-synthesis.md","64d9303ef0c9ce839dc3b2d72e94e3e5b4673e82dc7fc9f1571bd0b03b3a43a7"
"md","step-06-structure","bmm","bmm/3-solutioning/bmad-create-architecture/steps/step-06-structure.md","f8333ca290b62849c1e2eb2f770b46705b09fe0322217b699b13be047efdd03e"
"md","step-07-validation","bmm","bmm/3-solutioning/bmad-create-architecture/steps/step-07-validation.md","dde4cd93a3015011da9a8a3237aafa2d15d0935205686231e58bf7064f81cc28"
"md","step-08-complete","bmm","bmm/3-solutioning/bmad-create-architecture/steps/step-08-complete.md","6466e5196be63e9e21b81d6fed45f1ff547d6ac739271201d6180febc857473d"
"md","step-oneshot","bmm","bmm/4-implementation/bmad-quick-dev/step-oneshot.md","d68648848bb8277f5b762c3528c2aa42122268037b97d252a8f4faf4edb2830e"
"md","sync-sprint-status","bmm","bmm/4-implementation/bmad-quick-dev/sync-sprint-status.md","c0f2fdb940984206a4b7aa2467fbcb7c4811f648634e43a488593974e9efff5e"
"md","template","bmm","bmm/4-implementation/bmad-create-story/template.md","29ba697368d77e88e88d0e7ac78caf7a78785a7dcfc291082aa96a62948afb67"
"md","validate","bmm","bmm/2-plan-workflows/bmad-prd/references/validate.md","689387606f3df71641a619e42d2841c815de1e05f8ceb87d2198383e3cb0f98b"
"md","validate","bmm","bmm/2-plan-workflows/bmad-ux/references/validate.md","a9863cdcfd74edb0a34189594df46a5c3a2f08ab2524257f6a38342ec0a6cead"
"md","validate-doc","bmm","bmm/1-analysis/bmad-agent-tech-writer/validate-doc.md","3b8d25f60be191716266726393f2d44b77262301b785a801631083b610d6acc5"
"md","verdict","bmm","bmm/1-analysis/bmad-prfaq/references/verdict.md","1a1cbc34090114d3a2b928456edec1563b73d84fea66c58e98780bf680f172ec"
"md","web-researcher","bmm","bmm/1-analysis/bmad-prfaq/agents/web-researcher.md","6e9127bb9bd3e4b15c701e4ced9eef328769262cd34eadc221bebe954c1f3aef"
"md","write-document","bmm","bmm/1-analysis/bmad-agent-tech-writer/write-document.md","c0ddfd981f765b82cba0921dad331cd1fa32bacdeea1f02320edfd60a0ae7e6f"
"toml","customize","bmm","bmm/1-analysis/bmad-agent-analyst/customize.toml","7191f4a60ada7dbabe083699b2461f35778af7688924dc6ce05911cf1ffc9054"
"toml","customize","bmm","bmm/1-analysis/bmad-agent-tech-writer/customize.toml","bb828f2d26a136870099226f07c61297ce88ddd335823b7549592932bbe14a2e"
"toml","customize","bmm","bmm/1-analysis/bmad-document-project/customize.toml","3bbb5044fafdd865a5fe0863df116a479f30de7fb95c9cf4213f0b87ba1ba924"
"toml","customize","bmm","bmm/1-analysis/bmad-prfaq/customize.toml","8994f925bab65bd310e5ab38781286b6137f3e0c9e89f3ab8a2f480eb05e0de5"
"toml","customize","bmm","bmm/1-analysis/bmad-product-brief/customize.toml","cdd7b417de5b280ab5bd3af65f69654b05980b5efb48077563827c16391f42d6"
"toml","customize","bmm","bmm/1-analysis/research/bmad-domain-research/customize.toml","462ef14dc1e1f6d145fdfe25e315168fd1fa278ea5f87fe0fa86689234daec2f"
"toml","customize","bmm","bmm/1-analysis/research/bmad-market-research/customize.toml","f47af9158893dd3f7ab81ac03cb07d8c76342eead61ec7c9a8a463066b7db9af"
"toml","customize","bmm","bmm/1-analysis/research/bmad-technical-research/customize.toml","7f567fddb04674f817398addbc06e6d1620883d89dcc7ac643c5a56eef5ac337"
"toml","customize","bmm","bmm/2-plan-workflows/bmad-agent-pm/customize.toml","afc2250de25241ac3577c9827e1ee62d8c7a1913de8eb23aadfffb0aadbadc37"
"toml","customize","bmm","bmm/2-plan-workflows/bmad-agent-ux-designer/customize.toml","3df7da44945f9df34dbb3a64de086c756e6c298e73078e388e8f9a4f57cbf7ab"
"toml","customize","bmm","bmm/2-plan-workflows/bmad-create-prd/customize.toml","0c990af4c0a755402abbef893850bd542744a8b6f36c0587c9f3fb6dab6bf5e7"
"toml","customize","bmm","bmm/2-plan-workflows/bmad-edit-prd/customize.toml","35cc2dfb3eda73a0ae4dc987cac58867b25c43ce5c5a1bf552e215826ede6c22"
"toml","customize","bmm","bmm/2-plan-workflows/bmad-prd/customize.toml","c30f48939b558a0e7e4c0a4d4f6eb08e50bad4464ca64c652247d114a398d459"
"toml","customize","bmm","bmm/2-plan-workflows/bmad-ux/customize.toml","1f1d7754ea7bba38d1dc3702f60eac50ceba4f515f61e296dab2f0d14281aa84"
"toml","customize","bmm","bmm/2-plan-workflows/bmad-validate-prd/customize.toml","bfb3c8af5b81b2cdb9bb84f844f1b0dafc40d8c283effa6ad48db966b9446cef"
"toml","customize","bmm","bmm/3-solutioning/bmad-agent-architect/customize.toml","32e8074896a569ce59e4db62ab3b4af396798b8fa50c67449a5d90c2a7a7e074"
"toml","customize","bmm","bmm/3-solutioning/bmad-check-implementation-readiness/customize.toml","571d81087b7a6d914cf7c2f21aa26354eac385bb2f5cfeabc591892cbb98d036"
"toml","customize","bmm","bmm/3-solutioning/bmad-create-architecture/customize.toml","618be49b0286f18dfb4b6bac3d96bf1cf062994fa5278cd327be9898e651b43c"
"toml","customize","bmm","bmm/3-solutioning/bmad-create-epics-and-stories/customize.toml","da9e43605bc6aec83173050b5d37ede6aebfa9a17c5959a5029681d73e744ba3"
"toml","customize","bmm","bmm/3-solutioning/bmad-generate-project-context/customize.toml","00b6e893b93a1be7c04408f1824dad72c2c43ee02ba29210725e34394bf8225e"
"toml","customize","bmm","bmm/4-implementation/bmad-agent-dev/customize.toml","b56c0af68e2234dc57d9ebe765049ebd9df9e24909d0d9b2b4b12ddefe5291a7"
"toml","customize","bmm","bmm/4-implementation/bmad-checkpoint-preview/customize.toml","1a1e0c3a8914adda3cec925eed51287e067c7f84120de64a8df53348e7b77de5"
"toml","customize","bmm","bmm/4-implementation/bmad-code-review/customize.toml","94ad662fdf3fda372c6e24b2cbda629d0b2aa851097d02afb5905c768b1a1cde"
"toml","customize","bmm","bmm/4-implementation/bmad-correct-course/customize.toml","78095d25afb5b2d4844956f61e9ac640a62d0245174fab9406e9c289f33fd84b"
"toml","customize","bmm","bmm/4-implementation/bmad-create-story/customize.toml","1204f6de064436922f2813069778eb4eaa5f1f945aa8ea5a5ffb87897a2ba8fe"
"toml","customize","bmm","bmm/4-implementation/bmad-dev-story/customize.toml","592fa7948c4614609a59b152518f518d35e0178d6aa7c22e169d78157fd9f5aa"
"toml","customize","bmm","bmm/4-implementation/bmad-investigate/customize.toml","7ec009a4a0a9b476de98de99938f58e319dc6f410b9176910c9ed725e80519e1"
"toml","customize","bmm","bmm/4-implementation/bmad-qa-generate-e2e-tests/customize.toml","04a99926b2d79318b927434c7344dc666f143026ed99c7fcc0d6e3d68263ae66"
"toml","customize","bmm","bmm/4-implementation/bmad-quick-dev/customize.toml","5ba463713de51762eb381be787cbd657932333b808be370d851fc3e40f139e2f"
"toml","customize","bmm","bmm/4-implementation/bmad-retrospective/customize.toml","0b032c342129732820ca2db386d2d5e26d033d8ac296388fc9f2e78765fab9fb"
"toml","customize","bmm","bmm/4-implementation/bmad-sprint-planning/customize.toml","f7bde2f792e8604f26122ee792c5493e270710296044b07680db7d90e886caf3"
"toml","customize","bmm","bmm/4-implementation/bmad-sprint-status/customize.toml","96261fd227befaa4685b0a5091d3e85299d4ae8e4404176b42f5ef2e2fb501bd"
"yaml","config","bmm","bmm/config.yaml","e0a83d8cf03485e05e861c89e8f5892529d5c12b8b0d1ac948b8c9be9208eac5"
"yaml","sprint-status-template","bmm","bmm/4-implementation/bmad-sprint-planning/sprint-status-template.yaml","deeec135d875b107618dd41278349689b5f3dcb5894d7509909417a570f46fd9"
"toml","config","config.toml","config.toml","8e21fcbc64c5fa03eb0a1ae0066913915c6a3151c49b376ca73ee88b763f3656"
"toml","config.user","config.user.toml","config.user.toml","ae8ea573014cdd4f7a38182b6159b7ccc9a8d569c6677b1418ac892485d34282"
"csv","brain-methods","core","core/bmad-brainstorming/brain-methods.csv","0ab5878b1dbc9e3fa98cb72abfc3920a586b9e2b42609211bb0516eefd542039"
"csv","methods","core","core/bmad-advanced-elicitation/methods.csv","168ffcedd12bf987b087773b12c783126bb7ba64018b54752b89ee67c16dfa84"
"csv","module-help","core","core/module-help.csv","ad3511e78826fc17447262fb585af19848e3002291715736308f9fff5b993bd5"
"md","headless-schemas","core","core/bmad-spec/assets/headless-schemas.md","85c94b15dc1f836967f0628ec36e65547b392074b5cf2ecf92b252765fbd1da6"
"md","SKILL","core","core/bmad-advanced-elicitation/SKILL.md","705cc827cab892855d07dcc926f5c9f749c3abab33e915d6ac1574aec174896b"
"md","SKILL","core","core/bmad-brainstorming/SKILL.md","f4a2c22b40ed34cdbd3282dd6161a3b869902f3bc75b58e181fc9faf78eedd9d"
"md","SKILL","core","core/bmad-customize/SKILL.md","6461073f9322f5f2ec64477d6ae5e79c601e36e3160e492fef4bc2d928d4a9a8"
"md","SKILL","core","core/bmad-editorial-review-prose/SKILL.md","b3687fe80567378627bc2a0c5034ae8d65dfeedcf2b6c90da077f4feca462d0c"
"md","SKILL","core","core/bmad-editorial-review-structure/SKILL.md","164444359d74f695a84faf7ea558d0eef39c75561e6b26669f97a165c6f75538"
"md","SKILL","core","core/bmad-help/SKILL.md","a766c6bd76bcfc4a49a683417440d39978a2e10bb5618dfd469fff03f96b4b4d"
"md","SKILL","core","core/bmad-index-docs/SKILL.md","a855d7060414e73ca4fe8e1a3e1cc4d0f2ce394846e52340bdf5a1317e0d234a"
"md","SKILL","core","core/bmad-party-mode/SKILL.md","bd13fd6cb0b0c61d215e4c394cf4b7cac3a465394c3918f4dc14910513ddb898"
"md","SKILL","core","core/bmad-review-adversarial-general/SKILL.md","7bffc39e6dba4d9123648c5d4d79e17c3c5b1efbd927c3fe0026c2dbb8d99cff"
"md","SKILL","core","core/bmad-review-edge-case-hunter/SKILL.md","f49ed9976f46b4cefa1fc8b4f0a495f16089905e6a7bbf4ce73b8f05c9ae3ee6"
"md","SKILL","core","core/bmad-shard-doc/SKILL.md","3a1538536514725fd4f31aded280ee56b9645fc61d114fd94aacb3ac52304e52"
"md","SKILL","core","core/bmad-spec/SKILL.md","13ecac915925d6786150ae312019220a6efcb8e94b9a883f095dce7e54f263ee"
"md","spec-template","core","core/bmad-spec/assets/spec-template.md","0385e0b3ad589b8af366cdce928a1e430d9afb8c5242c2ae8d887e0bade7f412"
"md","step-01-session-setup","core","core/bmad-brainstorming/steps/step-01-session-setup.md","7fd2aed9527ccdf35fc86bd4c9b27b4a530b5cfdfb90ae2b7385d3185bcd60bc"
"md","step-01b-continue","core","core/bmad-brainstorming/steps/step-01b-continue.md","49f8d78290291f974432bc8e8fce340de58ed62aa946e9e3182858bf63829920"
"md","step-02a-user-selected","core","core/bmad-brainstorming/steps/step-02a-user-selected.md","7ff3bca27286d17902ecea890494599796633e24a25ea6b31bbd6c3d2e54eba2"
"md","step-02b-ai-recommended","core","core/bmad-brainstorming/steps/step-02b-ai-recommended.md","cb77b810e0c98e080b4378999f0e250bacba4fb74c1bcb0a144cffe9989d2cbd"
"md","step-02c-random-selection","core","core/bmad-brainstorming/steps/step-02c-random-selection.md","91c6e16213911a231a41b1a55be7c939e7bbcd1463bd49cb03b5b669a90c0868"
"md","step-02d-progressive-flow","core","core/bmad-brainstorming/steps/step-02d-progressive-flow.md","6b6fbbd34bcf334d79f09e8c36ed3c9d55ddd3ebb8f8f77aa892643d1a4e3436"
"md","step-03-technique-execution","core","core/bmad-brainstorming/steps/step-03-technique-execution.md","3600f54c8d3d529f80627cf00f50168f4312ae44981909fc26bd7f5d425fab81"
"md","step-04-idea-organization","core","core/bmad-brainstorming/steps/step-04-idea-organization.md","acb7eb6a54161213bb916cabf7d0d5084316704e792a880968fc340855cdcbbb"
"md","template","core","core/bmad-brainstorming/template.md","5c99d76963eb5fc21db96c5a68f39711dca7c6ed30e4f7d22aedee9e8bb964f9"
"md","workflow","core","core/bmad-brainstorming/workflow.md","971d306262c303c3d63e2d2183c2963abc71acb72fa0964160be95a809a4a0d9"
"py","list_customizable_skills","core","core/bmad-customize/scripts/list_customizable_skills.py","8787f542930b927789e7fdf12bc5a67ff08e19865903a5ad05ff2cc8fc426b66"
"py","test_list_customizable_skills","core","core/bmad-customize/scripts/tests/test_list_customizable_skills.py","b55fc2e454f245753874f359c18ade9f3ad04debd66176c6e6bf3e403ca9c812"
"toml","customize","core","core/bmad-spec/customize.toml","b0181ba5d4038feb779a7a082a265df753220f868b66b5adb0fb2ed18401c763"
"yaml","config","core","core/config.yaml","637a7f339b07b578fff4780be626b99dfa6f0b2df1b18958b9b0b8e23e12994c"
"file",".gitignore","custom","custom/.gitignore","973b03a33f142c22cf9b65be285bebadd85790b6b55be04637d2f8c716f58fab"
"csv","documentation-requirements","gds","gds/workflows/gds-document-project/documentation-requirements.csv","efc91d54787939a2dd2c22400e6b9b6f58835a741ea557e8971b5b333ce666e8"
"csv","game-brain-methods","gds","gds/workflows/1-preproduction/gds-brainstorm-game/game-brain-methods.csv","f6fb96d2134a941ad0dd6cbdcb7bdcc01b7c04b1009e196cf859fc330f843bdb"
"csv","game-types","gds","gds/workflows/2-design/gds-gdd/assets/game-types.csv","4f4a61090a084188178340aa08edaa8f3a08029bac7f01f23f228723b9524a59"
"csv","genre-complexity","gds","gds/workflows/2-design/gds-gdd/assets/genre-complexity.csv","61b2b1e2c6e2f0b9531b6a0beae959e0b9e440e1b27cf544b2c82c6b58dd3ce1"
"csv","module-help","gds","gds/module-help.csv","24ca5aa6b05bdadfce475952e81278fbbbd00eaafa6f80f3ec4489078bd8c6ea"
"csv","pattern-categories","gds","gds/workflows/3-technical/gds-game-architecture/pattern-categories.csv","490bb6b7d5abfd5c1b20dca04399870c030b5d5d2db7148621d43f08044616e8"
"csv","qa-index","gds","gds/agents/gds-agent-game-dev/gametest/qa-index.csv","a94275a48134c19edbd8b4c457dfbde049e003cbce0a86a4c79b19ca91809dc2"
"html","validation-report-template","gds","gds/workflows/2-design/gds-gdd/assets/validation-report-template.html","616d7bf9b15eb104360a163331353fa2194dfe81bec81d6ce21498d74a11e4ef"
"html","validation-report-template","gds","gds/workflows/2-design/gds-prd/assets/validation-report-template.html","76360ffb6fb530f0b34b62b483bea6acb323923e6477d78a0d43548f0157b362"
"html","validation-report-template","gds","gds/workflows/2-design/gds-ux/assets/validation-report-template.html","429f4a7e5acf189409518cc6782e833dd30a89e83cd4821b89ae731bfa01c8b1"
"json","project-scan-report-schema","gds","gds/workflows/gds-document-project/templates/project-scan-report-schema.json","4c27adf9407907f31150d03d233f782f165aae9f754ecfa5532d0eed36c8bc94"
"md","action-platformer","gds","gds/workflows/2-design/gds-gdd/assets/game-types/action-platformer.md","f711632d2a1067243347cfa5686488377421b8a0337e32ab06031c7d1051cb76"
"md","adventure","gds","gds/workflows/2-design/gds-gdd/assets/game-types/adventure.md","2a242677235821099af6adcfc4a17dbeabe9ad914fb5c4599eab4f8691c86402"
"md","architecture-template","gds","gds/workflows/3-technical/gds-game-architecture/templates/architecture-template.md","1522ecf71409013bd057b8bc175744c9c0d988ae1c50f197c342ad26e8ece1d2"
"md","backlog-template","gds","gds/workflows/4-production/gds-code-review/backlog-template.md","42c4a61b30a8d1bfc670934db31622097b679ceee80f7744de823a77fa6ccd42"
"md","balance-testing","gds","gds/agents/gds-agent-game-dev/gametest/knowledge/balance-testing.md","aeea1da343ec80b7fbec0cc6ddc49cc70f9be1d6240644c3f065b42322886f0b"
"md","brief-template","gds","gds/workflows/1-preproduction/gds-create-game-brief/assets/brief-template.md","ca8f45d3dd6bef56fc73c44bfc263975e934bd1c1d9b6d35fd0e27de42a70307"
"md","card-game","gds","gds/workflows/2-design/gds-gdd/assets/game-types/card-game.md","63a72a7cd8e9c15ff0778ca2af49ee146daf7a8d0772f83afc6e8421b088b1fd"
"md","case-file-template","gds","gds/workflows/4-production/gds-investigate/references/case-file-template.md","45c0b5592dc9469bf991be31d9d11c112ea801647bdd61c83f07bcb5cb5ce754"
"md","certification-testing","gds","gds/agents/gds-agent-game-dev/gametest/knowledge/certification-testing.md","70a96efd6ba9f726057a896d0107d0f35f390749da8da373565e5b2f2b2fbfea"
"md","checklist","gds","gds/workflows/2-design/gds-create-narrative/checklist.md","e780d2703a61e6f9b6bdf0d624671140a9b93e42cdf9dcd521f41d5a7be9f967"
"md","checklist","gds","gds/workflows/3-technical/gds-game-architecture/checklist.md","0df887272138bfb3d05d963ef24648b5338d22f8cbe8c58b539ee38b977f42aa"
"md","checklist","gds","gds/workflows/4-production/gds-code-review/checklist.md","dce9eaefa805082b447b2db3cef98cba72d71eb9fae62c7ebd5c0760340134cb"
"md","checklist","gds","gds/workflows/4-production/gds-correct-course/checklist.md","93b788cba72feb78f46c69590b985bedc623fe0f873d928012f75f9e083d8327"
"md","checklist","gds","gds/workflows/4-production/gds-create-story/checklist.md","0291e068003dda0359c41b925beee202ad083e632061e26fa37bdfb9f09cd6c6"
"md","checklist","gds","gds/workflows/4-production/gds-dev-story/checklist.md","277b5b2157d37162ed6eb1b4cdfe08bb4100fe719994a8ac8d019339a458995b"
"md","checklist","gds","gds/workflows/4-production/gds-sprint-planning/checklist.md","cc4f8e9411dbf9e644333790f867d74027aae3721cbc7f11d574536bf903a0aa"
"md","checklist","gds","gds/workflows/gametest/gds-e2e-scaffold/checklist.md","4bef23b4063d2f6caf26d9d2baba4cc69ea2c54c3f6096c70de80b5b8fd1b130"
"md","checklist","gds","gds/workflows/gametest/gds-performance-test/checklist.md","985a67a8c278f43096b9f52c59182e8de9ae9a55b04808fb740951809a3f96a5"
"md","checklist","gds","gds/workflows/gametest/gds-playtest-plan/checklist.md","d79ecf7b93060a46d9912a90973eab3d0dfeac68815b5275d2c1a5f7416cf952"
"md","checklist","gds","gds/workflows/gametest/gds-test-automate/checklist.md","83290eb804ca6b3d4283c7f69db1d9fb3160b8da708639303177c71af4408f2e"
"md","checklist","gds","gds/workflows/gametest/gds-test-design/checklist.md","5542d92ad346ebfb86a2415a2217707ca76b3d39bf234280062a31b6e28bf875"
"md","checklist","gds","gds/workflows/gametest/gds-test-framework/checklist.md","6ecc1995f2e0f94984d65a7b246a30e9bddaed217f0a48127e022254ee3c356e"
"md","checklist","gds","gds/workflows/gametest/gds-test-review/checklist.md","1f4abe8931ba4964d8db592cdad287df858f834c45cadd20bf7e1588ada5d2ee"
"md","checklist","gds","gds/workflows/gds-document-project/checklist.md","3b6856939315f71dc3ecc5a098c961fdc9f3615d3a032f0bc3dad565ac17bc38"
"md","color-themes","gds","gds/workflows/2-design/gds-ux/assets/color-themes.md","0cb1741d8f1c252c96c7035a5e63dba57622aee8e0932d0f4511a29112c81b29"
"md","compatibility-testing","gds","gds/agents/gds-agent-game-dev/gametest/knowledge/compatibility-testing.md","1a26a1726abb77f7b482ba35d16f17ab574bfd62b4a025565e8645bae228fe6a"
"md","compile-epic-context","gds","gds/workflows/gds-quick-flow/gds-quick-dev/compile-epic-context.md","b02345c6be80db6e429384bb108f3cb66547622edde43d42c498283322633dc3"
"md","creative-tools","gds","gds/workflows/2-design/gds-ux/references/creative-tools.md","dedd666acfe27d2a4d1b9a6571b082dd6e75ad11379111a7023be19cc1f8bb46"
"md","deep-dive-instructions","gds","gds/workflows/gds-document-project/workflows/deep-dive-instructions.md","fb4dc4211f52fc4fa5c75d7e6bfecc7acfb5109a7dcf00a34be676a262b445ee"
"md","deep-dive-template","gds","gds/workflows/gds-document-project/templates/deep-dive-template.md","2d098bb425f58d1d49ab5c6b7c1a8c92af9271d281bacafe000fed059a1a206d"
"md","deep-dive-workflow","gds","gds/workflows/gds-document-project/workflows/deep-dive-workflow.md","9b84b4700af5ee54d102e98a9945ba0d26dcb3ea1f7a1ce9d7e5d9726e92a414"
"md","design-directions","gds","gds/workflows/2-design/gds-ux/assets/design-directions.md","1169c251de626eed2238fa9f8c18ace5577691c2a8ec7f8d6373eec4a8bc3856"
"md","design-example-editorial","gds","gds/workflows/2-design/gds-ux/assets/design-example-editorial.md","ed10853ff4e43d044423fbaf5b24741db714354c3b314a5e0dc7163d556d4ff3"
"md","design-example-game","gds","gds/workflows/2-design/gds-ux/assets/design-example-game.md","ef1f12395109d2b20a08b882b39cbb1c9c98c2d3f6f33dd220c9ed578da3e45b"
"md","design-example-mobile","gds","gds/workflows/2-design/gds-ux/assets/design-example-mobile.md","bae5ddfe11c4b55c3134cbd567d4fc810fea389475eb3605fedd96124fe33b13"
"md","design-md-spec","gds","gds/workflows/2-design/gds-ux/references/design-md-spec.md","034015963ae97a0bff286ed17f8beb39fc97496a81b91fd4d446df3cf64419f0"
"md","discover-inputs","gds","gds/workflows/4-production/gds-code-review/discover-inputs.md","19c9b1d6635fc013c8ce62c266cb72314206beb832e397b9b6c17c94df697ac1"
"md","discover-inputs","gds","gds/workflows/4-production/gds-create-story/discover-inputs.md","19c9b1d6635fc013c8ce62c266cb72314206beb832e397b9b6c17c94df697ac1"
"md","documentation-standards","gds","gds/agents/gds-agent-tech-writer/documentation-standards.md","6e7ac71138275d95c3c9160f3dffe1d6c4cc77bb97231b60b5463a6cdf42adba"
"md","e2e-testing","gds","gds/agents/gds-agent-game-dev/gametest/knowledge/e2e-testing.md","c3b6738f5dfc5e19699eb7a976ab53367762a6504ec1efd7c045926ea69707b7"
"md","epics-template","gds","gds/workflows/3-technical/gds-create-epics-and-stories/templates/epics-template.md","019cede457d98e414a76128b817cbc33f60b5d775ed93837ab9953ce82875ff1"
"md","excalidraw-wireframe","gds","gds/workflows/2-design/gds-ux/assets/excalidraw-wireframe.md","e59663e39d4ece59ef1009ed332889be535317f5ea2f51b382747f61cdba4ca0"
"md","experience-example-game","gds","gds/workflows/2-design/gds-ux/assets/experience-example-game.md","3bb5e3b0cc2efac2d1a607658ec0d8394d62dcc36af0c1d8e47ba5c7478a2555"
"md","experience-example-mobile","gds","gds/workflows/2-design/gds-ux/assets/experience-example-mobile.md","55551a226425849ce317d795a78cd15103bcbc65ee7bddf92a1c6fc12c466e8b"
"md","explain-concept","gds","gds/agents/gds-agent-tech-writer/explain-concept.md","f9406f0372e600449fafc235202b61c9f4c385f84f9fbd16fc1b9890596ea1c1"
"md","facilitation-guide","gds","gds/workflows/2-design/gds-gdd/references/facilitation-guide.md","8596b4328f3b7a708e2a05d9113ded7705ae4d06a07b10dd7af702808c47bdd3"
"md","fighting","gds","gds/workflows/2-design/gds-gdd/assets/game-types/fighting.md","a3da81cf6924927931eb7338753ae8a03028a7e5e26a31428c737a151e02950f"
"md","full-scan-instructions","gds","gds/workflows/gds-document-project/workflows/full-scan-instructions.md","55da299a8362b3ebfb576d3d4c8243b4e6c94f3427ba74e16dea94ff6346da01"
"md","full-scan-workflow","gds","gds/workflows/gds-document-project/workflows/full-scan-workflow.md","89561790ea8024466557750cfe47a94b5e2402f471b60292d64cf73bd718819e"
"md","game-context","gds","gds/workflows/1-preproduction/gds-brainstorm-game/game-context.md","d362430b87dfe8a9b8c3bf9ae6820235b0d46bbed326591cbb58acdb5ff70640"
"md","gdd-purpose","gds","gds/workflows/2-design/gds-gdd/references/gdd-purpose.md","cbca7bb33a22548de4ae6d59c78f03cc70334c2948e1e2e11d2a55320574094b"
"md","gdd-template","gds","gds/workflows/2-design/gds-gdd/assets/gdd-template.md","791dfdf0ac71a2e249984c07ca47938dcc2c602c935547124cb1eeccd3d1fbaf"
"md","gdd-validation-checklist","gds","gds/workflows/2-design/gds-gdd/assets/gdd-validation-checklist.md","046303a96ddd7d75b88b531a662e0b3e12180a8d86f8b0b29737bfb49a262338"
"md","godot-engine","gds","gds/workflows/3-technical/gds-game-architecture/knowledge/godot-engine.md","4c1cc8b441357268104d09d1a26feb4c618d2838bda342f099f66ff1e7a99cfc"
"md","godot-testing","gds","gds/agents/gds-agent-game-dev/gametest/knowledge/godot-testing.md","ccfdf5f7ecbc33bd3f5549bfcd47c991e6cd0c8d32719ad838e80406eda3b825"
"md","headless","gds","gds/workflows/2-design/gds-gdd/references/headless.md","b85ff742c488999589fa79ee25e09e5043e1ed86a45892448bacb765aa3209c2"
"md","headless","gds","gds/workflows/2-design/gds-prd/references/headless.md","f76a682488e1646ac78e955398e8f0807dde0156052e1b09274830d86fdd9720"
"md","headless","gds","gds/workflows/2-design/gds-ux/references/headless.md","f6060ba4e9ebf8d914a4c371735ad9772eb2e5a0f21a57b3f03707a36275de7b"
"md","headless-schemas","gds","gds/workflows/2-design/gds-gdd/assets/headless-schemas.md","51a151dea98f1d33b32091e5b7bcde22a8b65f12bfc115b1085866e49808195c"
"md","headless-schemas","gds","gds/workflows/2-design/gds-prd/assets/headless-schemas.md","4d386c586804e36769277f040fecf6b272cdc0500ac14b00b726066246cb3907"
"md","headless-schemas","gds","gds/workflows/2-design/gds-ux/assets/headless-schemas.md","c02908da23ef406a730169f87bdaf41ccd4eeac4399890c40752a7ea391bf750"
"md","horror","gds","gds/workflows/2-design/gds-gdd/assets/game-types/horror.md","7ae5d591692bf36b014da7ca3b9683d6dfe744e9a85915bc18b8e8639122a2aa"
"md","idle-incremental","gds","gds/workflows/2-design/gds-gdd/assets/game-types/idle-incremental.md","410e8aa9473ef6189bc550de4721336ae3a9a1a82663388a9cea2a42726bd908"
"md","index-template","gds","gds/workflows/gds-document-project/templates/index-template.md","0e077c2d9d9ccb149a64ed82e67914d90571e23696687cf7a08ac5f2a8b18306"
"md","input-testing","gds","gds/agents/gds-agent-game-dev/gametest/knowledge/input-testing.md","832d5183c9629e2423cc7221781afc87459cb9f735b2fc60257165d33736ecc6"
"md","instructions","gds","gds/workflows/gds-document-project/instructions.md","b812c674e04bcb7a82cbb89f71daae35713c7448569260ad61be8e081d375062"
"md","key-screens","gds","gds/workflows/2-design/gds-ux/assets/key-screens.md","3fdb74968b99bbb65bcc13ba08c24be70c03addbac0d98ac49a21e8d714db788"
"md","localization-testing","gds","gds/agents/gds-agent-game-dev/gametest/knowledge/localization-testing.md","3ac685205ac1d8dea63574a98501f5636614fbf2933d555d718acb0dbf3d3f4b"
"md","mermaid-gen","gds","gds/agents/gds-agent-tech-writer/mermaid-gen.md","f1af20cff1ddb4294f1b671eebcb80ebe515278e57ff53c4886798ba97b9f6c4"
"md","metroidvania","gds","gds/workflows/2-design/gds-gdd/assets/game-types/metroidvania.md","2faa33591d6bac3c0e8c4cafe823d94b9f5f9236a1c22d38683fdb784c156b85"
"md","moba","gds","gds/workflows/2-design/gds-gdd/assets/game-types/moba.md","9871adb9aacf4e503f4f339e5028a30ca16916e53770038c5568eb13f961acbb"
"md","multiplayer-testing","gds","gds/agents/gds-agent-game-dev/gametest/knowledge/multiplayer-testing.md","fa00a075cdbcbf21ae921148c33647280ad12b4c88f2eba3854d24c7b060824b"
"md","narrative-template","gds","gds/workflows/2-design/gds-create-narrative/templates/narrative-template.md","e12110346082ed4cbd444fce0ba0e1cc5c074dfd72ce503f00ce4df24bbf3ef3"
"md","party-game","gds","gds/workflows/2-design/gds-gdd/assets/game-types/party-game.md","7de09c182571046e25d2f4c4bdaa8a1dd2a96c8a50606bcf253ed8ba370ddae1"
"md","performance-template","gds","gds/workflows/gametest/gds-performance-test/performance-template.md","71097a22589f0c21af4c32df7b63699b7b54174f1fae96dc482c5f3d27daa6e4"
"md","performance-testing","gds","gds/agents/gds-agent-game-dev/gametest/knowledge/performance-testing.md","572f7ca584e08bb876be2fc64ba6895decc96780cbe9b4c8e8de7730d07ad929"
"md","phaser-engine","gds","gds/workflows/3-technical/gds-game-architecture/knowledge/phaser-engine.md","9e399909bb7a7b1c8264f90230fa0f395794d4ee0987efe553c77b0da7be45ba"
"md","playtest-template","gds","gds/workflows/gametest/gds-playtest-plan/playtest-template.md","3c6120ba19f21440cec2817a4a8722509b65ac73b98f6768d3fb33a14c005cbb"
"md","playtesting","gds","gds/agents/gds-agent-game-dev/gametest/knowledge/playtesting.md","38dd38b24e7996323a3c78f74f9786340f22ee11ff857d42e45cdd7080cecca5"
"md","prd-template","gds","gds/workflows/2-design/gds-prd/assets/prd-template.md","47e4744f70dd39232240d2e7b202ac9ea6902ece4b839a9129d4c53ac2f5357b"
"md","prd-validation-checklist","gds","gds/workflows/2-design/gds-prd/assets/prd-validation-checklist.md","6b6afb553c775f4482b28aade60ea3441f1e36b3977af81358f4a0edb3512848"
"md","probing","gds","gds/workflows/2-design/gds-prd/references/probing.md","ec1ce4e474b388454733f3f751fe8c84b5a7595f10e05e0f1a009587898fa3db"
"md","project-context-template","gds","gds/workflows/3-technical/gds-generate-project-context/project-context-template.md","3cc240744e23cdb1048b76ecc2c0cfccb5ba1140ec9dfb47a19587a59f321c87"
"md","project-overview-template","gds","gds/workflows/gds-document-project/templates/project-overview-template.md","fd1ae5724b19829feb79245b5249c3ebf3cee30d07776939d87c7563e5bf76fd"
"md","puzzle","gds","gds/workflows/2-design/gds-gdd/assets/game-types/puzzle.md","0e127487feb570735f166a7e51ecbdd69d7cb7de73439c62ef5e87b6e5b6b8f9"
"md","qa-automation","gds","gds/agents/gds-agent-game-dev/gametest/knowledge/qa-automation.md","fae6a6e9977cf52b10fffc85c5be41fe5c11c5aec9b885f44d42e37513b9f370"
"md","racing","gds","gds/workflows/2-design/gds-gdd/assets/game-types/racing.md","e2c21ad6ae9bfdf1a309dc5a3ba3390dfb7de9a98bdfb4d7723e2c04750c9878"
"md","readiness-report-template","gds","gds/workflows/3-technical/gds-check-implementation-readiness/templates/readiness-report-template.md","79e63524734308aca3ff4c40fdfaf87521bcea2e94ad0583b47d15915d800733"
"md","regression-testing","gds","gds/agents/gds-agent-game-dev/gametest/knowledge/regression-testing.md","b35564996e952fe1e32c1d59d69e8ceb76dbe3cf96a852ff119082d281d00e77"
"md","research.template","gds","gds/workflows/1-preproduction/research/gds-domain-research/research.template.md","94f97bc59c113d947c6f2e1166095e1eebd8aadffb03d4bd188aeec9e51366d6"
"md","research.template","gds","gds/workflows/1-preproduction/research/research.template.md","94f97bc59c113d947c6f2e1166095e1eebd8aadffb03d4bd188aeec9e51366d6"
"md","rhythm","gds","gds/workflows/2-design/gds-gdd/assets/game-types/rhythm.md","099462e504db8de6fe4e6176a2e0667a2beb3700147d733a4e5a44f7aba4d9d1"
"md","roblox-engine","gds","gds/workflows/3-technical/gds-game-architecture/knowledge/roblox-engine.md","4fca52e00bb2a015f44c61032e4d59e3dc6124549e75de532eb33871b34ee36d"
"md","roguelike","gds","gds/workflows/2-design/gds-gdd/assets/game-types/roguelike.md","13db5439305b6f8c5a985839552326ca0da359d861251b10f7585b7f123a848c"
"md","rpg","gds","gds/workflows/2-design/gds-gdd/assets/game-types/rpg.md","861d9a803a43e4b95f048a0ff274ef56dbbfb8d83fea696237814731ae13e4f4"
"md","sandbox","gds","gds/workflows/2-design/gds-gdd/assets/game-types/sandbox.md","404b16e49aefdeda1e022a07fb680a1584c0e1a00ddda003e80eab748e01d270"
"md","save-testing","gds","gds/agents/gds-agent-game-dev/gametest/knowledge/save-testing.md","c354bbbe048c32fbd8bf581de329ff933ec28e044b431888f8ca53d76434eaf1"
"md","shooter","gds","gds/workflows/2-design/gds-gdd/assets/game-types/shooter.md","185d8722cf25471768440921b7b5bdca8bf58464358bd50556811fa0746e3e0c"
"md","simulation","gds","gds/workflows/2-design/gds-gdd/assets/game-types/simulation.md","bbb0c3dd09cb4289c2d297aeb49d1b0261151037dd8728fddee8ab7683bfc995"
"md","SKILL","gds","gds/agents/gds-agent-game-architect/SKILL.md","aa214f8f7a59c8b05a3352d36c9a731e7133c7d59590ea0ffc3845b571f85e50"
"md","SKILL","gds","gds/agents/gds-agent-game-designer/SKILL.md","8cbb51f54c4de2760cebf75fb3af680ad13613df6887e169219c7f02079f7173"
"md","SKILL","gds","gds/agents/gds-agent-game-dev/SKILL.md","dea2f9a52528ecaa5f9a51e59742549d61aba3fa25cb3bcee1723d98c46ecd3c"
"md","SKILL","gds","gds/agents/gds-agent-game-solo-dev/SKILL.md","a8d62c013da1c2e796f58ea6e3ec8e31da0e15edb44c8591c4746d560de65bea"
"md","SKILL","gds","gds/agents/gds-agent-tech-writer/SKILL.md","44d26524e37f1d4aada6f4eacfaaf189d149a6101ac6c93fd6fdef4de8b9ca54"
"md","SKILL","gds","gds/workflows/1-preproduction/gds-brainstorm-game/SKILL.md","cbf33d64cea56b5b8cd77711722c976bc1f2d37afb5bc99a6462546e2d479701"
"md","SKILL","gds","gds/workflows/1-preproduction/gds-create-game-brief/SKILL.md","b7aa258f1842edc61da14b2fa3e7a081a1bfecfae60c9050c1b9b2bff2bf7047"
"md","SKILL","gds","gds/workflows/1-preproduction/research/gds-domain-research/SKILL.md","54ef6aa3048bc2531dddde6d5e252e0a9088e75ba31b207d40686bb6f11ea20a"
"md","SKILL","gds","gds/workflows/2-design/gds-create-narrative/SKILL.md","14de8017115c7484d547b1f27e8c163b6589d8f285b2a2759775ef775ce669f4"
"md","SKILL","gds","gds/workflows/2-design/gds-gdd/SKILL.md","7788ffa7a6d803c826769ef8427425923f9f8cb03e86d713518ed3d768b8159b"
"md","SKILL","gds","gds/workflows/2-design/gds-prd/SKILL.md","22f2bac7f6d3fc96d8947299300139b0d00c2ac2536796dbac7a499040ae7fb0"
"md","SKILL","gds","gds/workflows/2-design/gds-ux/SKILL.md","91edcdc0e785a2971fbf09ce02f739673ba5f76de21043a823b7d1335a872d31"
"md","SKILL","gds","gds/workflows/3-technical/gds-check-implementation-readiness/SKILL.md","9bb267d189e07aa8a0a8b1181deabc29f92193c2f4edfe3bdcdbcf17db100762"
"md","SKILL","gds","gds/workflows/3-technical/gds-create-epics-and-stories/SKILL.md","de22d2633f4cdb75b7777b2d31f2d0fd64c7301921304ac54b3e21a67fe0e4ae"
"md","SKILL","gds","gds/workflows/3-technical/gds-game-architecture/SKILL.md","adace44931cf016982b7c543e12f7ba2092373a708b17ad8ae1a466f2489f3cf"
"md","SKILL","gds","gds/workflows/3-technical/gds-generate-project-context/SKILL.md","28f8455ac475fecbf4bee172884d229e4b75c6b790d4295fc24c8059eaaa32d6"
"md","SKILL","gds","gds/workflows/4-production/gds-code-review/SKILL.md","9d90b523498e18d384da2670c0d0e34920b4badf01097f91af81b22336d8c869"
"md","SKILL","gds","gds/workflows/4-production/gds-correct-course/SKILL.md","ebc3c26af573f246d42d4cd32dc6f9ba2774dfcffc87ae6e5098582449fc1ba6"
"md","SKILL","gds","gds/workflows/4-production/gds-create-story/SKILL.md","fe837c73f883d9eaa4fa4bf8ab3afd5c87d1cc429118e82cd771584129ca4a90"
"md","SKILL","gds","gds/workflows/4-production/gds-dev-story/SKILL.md","a9696ee2d84a8db7484fb58dca8a59b1658f3bb018ee11bfdddc41f356ca8e7d"
"md","SKILL","gds","gds/workflows/4-production/gds-investigate/SKILL.md","21172a6ea2cd20ac50725beaa94f3bd8d964e9ec176e479e19108d9ee07fb845"
"md","SKILL","gds","gds/workflows/4-production/gds-retrospective/SKILL.md","0c2172cc1c63f65bbd6a11f813b74da10d473e270bed83cce5cf0b0c4529234a"
"md","SKILL","gds","gds/workflows/4-production/gds-sprint-planning/SKILL.md","4058899662903e39aa5888ed412b6643816667e21620464f0dd05f7bf8628044"
"md","SKILL","gds","gds/workflows/4-production/gds-sprint-status/SKILL.md","024e0772d2ecc738e12a3e97c3f86cd1feae9b9a6461efbb1a7b978124dfb64e"
"md","SKILL","gds","gds/workflows/gametest/gds-e2e-scaffold/SKILL.md","1516ec8e45a56095da4bd74dd5c7ceed593706ada32c90cf41a8c68f6d94a3e6"
"md","SKILL","gds","gds/workflows/gametest/gds-performance-test/SKILL.md","32f334556877e946d26a05b46fa518d2a30e43355c4dc0b3d1ed8ef447cb4bc9"
"md","SKILL","gds","gds/workflows/gametest/gds-playtest-plan/SKILL.md","fbd87b2bd7dd01c7e272e2e148de8227127dab25163cc25c8a9f0f1ae5ff277c"
"md","SKILL","gds","gds/workflows/gametest/gds-test-automate/SKILL.md","b0b9923c64d9cd9a8a8ebcf7a38adc86995934b3cc44b640b48656d1de31443d"
"md","SKILL","gds","gds/workflows/gametest/gds-test-design/SKILL.md","6b0fcc6b6f11081080dce80bf1cdfba658990a16e27fc3c31bd188b7f3ec183a"
"md","SKILL","gds","gds/workflows/gametest/gds-test-framework/SKILL.md","624c12c3dcfa073fc4f75d7943f44580ca3e80d4fbdf9d837304e4b57cec218c"
"md","SKILL","gds","gds/workflows/gametest/gds-test-review/SKILL.md","f46c595bb6a70a3358e5ec7ef2f0a8a94bed93e77bdeef95442fec8ec6954241"
"md","SKILL","gds","gds/workflows/gds-document-project/SKILL.md","eb86fa37876a957f6f2668f2c52d34fd94906a555a8a04c9bf8cdd04e17d8210"
"md","SKILL","gds","gds/workflows/gds-quick-flow/gds-quick-dev/SKILL.md","c1802f251c1629027a913b5081d0834f653c73cae70f6df54e48c94bc39fb2e9"
"md","smoke-testing","gds","gds/agents/gds-agent-game-dev/gametest/knowledge/smoke-testing.md","1b33fe5eb2305103b96cd4a755640f4fa08f8ffc8c59a0fe04110c1532078866"
"md","source-tree-template","gds","gds/workflows/gds-document-project/templates/source-tree-template.md","f0094b1e0a9770c8c408b86f978b660c253fe99affcf2b67e1cf7aa9b40e74cb"
"md","spec-template","gds","gds/workflows/gds-quick-flow/gds-quick-dev/spec-template.md","487c3f3452077635d1232b77d9deae5e777b07d33ed95421b1e97740a0105c73"
"md","sports","gds","gds/workflows/2-design/gds-gdd/assets/game-types/sports.md","f2f582cd89412e803f9714e5f44ee9854ed2d1a2debd588900fc1792756057b7"
"md","step-01-clarify-and-route","gds","gds/workflows/gds-quick-flow/gds-quick-dev/step-01-clarify-and-route.md","4b97ae77da087dad53987bb88c31c201404ead3df139ffb9a732d57ebb35c089"
"md","step-01-discover","gds","gds/workflows/3-technical/gds-generate-project-context/steps/step-01-discover.md","54cfaa77d7528d319a089bc1f97f1d8b6d421688e7e888faaf0bac7d387f0c4e"
"md","step-01-document-discovery","gds","gds/workflows/3-technical/gds-check-implementation-readiness/steps/step-01-document-discovery.md","67bb32cc42c91561da6572c237c3a76b14e6eef9b029255a3d102324dfc9debf"
"md","step-01-gather-context","gds","gds/workflows/4-production/gds-code-review/steps/step-01-gather-context.md","21650361b3eb0aeb5786a8f42abb3ce1b950a74480af00f89ef2dea54b483b5e"
"md","step-01-init","gds","gds/workflows/1-preproduction/gds-brainstorm-game/steps/step-01-init.md","1ff70772967978d0b33223060a8e6f897648d03364ffccb7703064e6e0e163e7"
"md","step-01-init","gds","gds/workflows/1-preproduction/research/gds-domain-research/domain-steps/step-01-init.md","50a57ffaeee886b1d568a4dff195e41dccaff3074d8ae1fa40d3783b76538a3c"
"md","step-01-init","gds","gds/workflows/1-preproduction/research/market-steps/step-01-init.md","c272fa3e7c7b62a769c5fc9d349c9cbb605e00f3f2c1f0726bf50bfe0365508c"
"md","step-01-init","gds","gds/workflows/1-preproduction/research/technical-steps/step-01-init.md","3d3aaf2c1c1d7635382eee728d989e6afdb6ddc5f9a3343a7787cc33b7d1d25b"
"md","step-01-init","gds","gds/workflows/2-design/gds-create-narrative/steps/step-01-init.md","80fa152485fa00a72a9d98dcd923fcb5a85391d149b0a475e7a4361f5632b1c6"
"md","step-01-init","gds","gds/workflows/3-technical/gds-game-architecture/steps/step-01-init.md","4933385115381fca3f3099ab1d7b10be8664b213487a37b83d0610a494db78e3"
"md","step-01-validate-prerequisites","gds","gds/workflows/3-technical/gds-create-epics-and-stories/steps/step-01-validate-prerequisites.md","29d905e7f96d184a51ec87c5eba64f7dd491b970b9702761f2023eafb9a29ab4"
"md","step-01b-continue","gds","gds/workflows/2-design/gds-create-narrative/steps/step-01b-continue.md","6dd451f21ec91ec1b2cce70729621c29b82b541671e45b3d4c0a6b28201f6435"
"md","step-01b-continue","gds","gds/workflows/3-technical/gds-game-architecture/steps/step-01b-continue.md","9da4da6cfaf16677f84211244831c53db2d97aaf5b32c63c3da7b859b9c42a6c"
"md","step-02-context","gds","gds/workflows/1-preproduction/gds-brainstorm-game/steps/step-02-context.md","b492108bab992b0a92926d10eac1a0891d6166f40be27858d30d7b63a1559d65"
"md","step-02-context","gds","gds/workflows/3-technical/gds-game-architecture/steps/step-02-context.md","d1efaa2520c5e60e89de3e44c35f8276cc8be67b7189265072a0fb5cfb745240"
"md","step-02-customer-behavior","gds","gds/workflows/1-preproduction/research/market-steps/step-02-customer-behavior.md","d0acc9ffd4d803fe1253ef226efe841b9be64b72cd15fe6043554aee4ae02233"
"md","step-02-design-epics","gds","gds/workflows/3-technical/gds-create-epics-and-stories/steps/step-02-design-epics.md","8ab170cd1c947054cf40fc826a78e0d113a4fa09fc611a406e2608c422ef0004"
"md","step-02-domain-analysis","gds","gds/workflows/1-preproduction/research/gds-domain-research/domain-steps/step-02-domain-analysis.md","6fe5a82ef0098b47a6a73d34b21c95e10619fdd2d1600582848b8456b749ca35"
"md","step-02-foundation","gds","gds/workflows/2-design/gds-create-narrative/steps/step-02-foundation.md","2a18e26816771ef3decf3a78b0c8d7a3607cc83fdea2f12786098d8b0f4468ea"
"md","step-02-gdd-analysis","gds","gds/workflows/3-technical/gds-check-implementation-readiness/steps/step-02-gdd-analysis.md","9e9141a287b508ddb3fc756d0e90bd97b3c73800a69a939122f4db8f68297b4f"
"md","step-02-generate","gds","gds/workflows/3-technical/gds-generate-project-context/steps/step-02-generate.md","b4399f61060ccf7509fc4fca8a83643738d58a17501fe321a7e6fb1d6dd0161a"
"md","step-02-plan","gds","gds/workflows/gds-quick-flow/gds-quick-dev/step-02-plan.md","200066b9fee83d8bf4fc3602d9f14d801bc94a4b707749976e478bf7eb330bba"
"md","step-02-review","gds","gds/workflows/4-production/gds-code-review/steps/step-02-review.md","dc07246edb40551cbdb0ba894bf582e402c2962cec15b6a4acd0fde11cc9d125"
"md","step-02-technical-overview","gds","gds/workflows/1-preproduction/research/technical-steps/step-02-technical-overview.md","18f72e6505845fb730b10ac218dcf4706b7515a71d365df338d52345598c8b71"
"md","step-03-competitive-landscape","gds","gds/workflows/1-preproduction/research/gds-domain-research/domain-steps/step-03-competitive-landscape.md","a4e67a4cc2d7f0e88e07bbf431c7d94f51dbb505f4171a6eefcba6cfb208dcd2"
"md","step-03-complete","gds","gds/workflows/3-technical/gds-generate-project-context/steps/step-03-complete.md","bfd4bf883c03d034ea8459669cf94f4ccd266705c5f775d023c1ec121e106922"
"md","step-03-create-stories","gds","gds/workflows/3-technical/gds-create-epics-and-stories/steps/step-03-create-stories.md","c5dc8ec2d39d5d2636041e446bbcfedfcae9b5d9a836a1c38eba984446cc6819"
"md","step-03-customer-pain-points","gds","gds/workflows/1-preproduction/research/market-steps/step-03-customer-pain-points.md","d1164ce4735f4c51aad6e7b4386a46d2ad4fc6b4f5261e0321f1600b3e9676b9"
"md","step-03-epic-coverage-validation","gds","gds/workflows/3-technical/gds-check-implementation-readiness/steps/step-03-epic-coverage-validation.md","382801a2562cd967e222fbe94385573c5bd910c778647b33efdd794c45cac0b2"
"md","step-03-ideation","gds","gds/workflows/1-preproduction/gds-brainstorm-game/steps/step-03-ideation.md","303a6005a13b2d53390222720512bd649fe19bed4269fbee1cb16a4c0da2bbdd"
"md","step-03-implement","gds","gds/workflows/gds-quick-flow/gds-quick-dev/step-03-implement.md","88d95ac3c7fea6ba9a77ed4407722b1a23bc24ae1f4475ce30d1bf5660919c81"
"md","step-03-integration-patterns","gds","gds/workflows/1-preproduction/research/technical-steps/step-03-integration-patterns.md","bf8ad84331a789d30e336d00b1e1393a6a8b1a629385188702d0b604e6de2593"
"md","step-03-starter","gds","gds/workflows/3-technical/gds-game-architecture/steps/step-03-starter.md","bf9d7d1625d6ebb75f4cb2f639b1827e55abccf11787f0ae3e2d9c4d2a31b473"
"md","step-03-story","gds","gds/workflows/2-design/gds-create-narrative/steps/step-03-story.md","8690444cbcc77ad7553eb177157808d251246a4724f02c4ee80551f3de387285"
"md","step-03-triage","gds","gds/workflows/4-production/gds-code-review/steps/step-03-triage.md","71b71f5de086cc4380937f8e348adc02f639f869236101ea00009c38dcb05578"
"md","step-04-architectural-patterns","gds","gds/workflows/1-preproduction/research/technical-steps/step-04-architectural-patterns.md","04c66d9c259b57dacdb28e637b5028b170ec481ddf756f373c1faf79e07381cc"
"md","step-04-characters","gds","gds/workflows/2-design/gds-create-narrative/steps/step-04-characters.md","c5078c1b54062ad265a1f2b5a1925e7e77f7a1179dd0cd1f1b87cf38e8085cc1"
"md","step-04-complete","gds","gds/workflows/1-preproduction/gds-brainstorm-game/steps/step-04-complete.md","cf104ac551f5ea5ab2132e6b76c65768305e9d6532b3dd7e8dd5d66f09ad4e87"
"md","step-04-customer-decisions","gds","gds/workflows/1-preproduction/research/market-steps/step-04-customer-decisions.md","f085e1468499cdd13a865be589eaacd8505303e0db409bbc67ab33410b80d6ea"
"md","step-04-decisions","gds","gds/workflows/3-technical/gds-game-architecture/steps/step-04-decisions.md","0236744da07d0750839f455e7ab97480ddf276999dcc500cc4ea433f9eae3f1d"
"md","step-04-final-validation","gds","gds/workflows/3-technical/gds-create-epics-and-stories/steps/step-04-final-validation.md","bc229000bf60aa8b3d63350a3dd6033ebd115e7a40f246f38531b7c8215a823e"
"md","step-04-present","gds","gds/workflows/4-production/gds-code-review/steps/step-04-present.md","89de20e88a37f373d138f35231bf8894824f56c6e4bb3918cb24ad2d72aeb80b"
"md","step-04-regulatory-focus","gds","gds/workflows/1-preproduction/research/gds-domain-research/domain-steps/step-04-regulatory-focus.md","8a2b9622263b7ec614f487f72e2c879c478639f5bb9d7f6f201a5a3b0745fcb2"
"md","step-04-review","gds","gds/workflows/gds-quick-flow/gds-quick-dev/step-04-review.md","63afa2cbd8ee736c0c0813c5deba28d942b0a668570cf81d2a0b079c32edd7ba"
"md","step-04-ux-alignment","gds","gds/workflows/3-technical/gds-check-implementation-readiness/steps/step-04-ux-alignment.md","1db7f77eb51c51bf8fa57bec7756bf72e6044d824ad2fee0b1944000a2c9fee7"
"md","step-05-competitive-analysis","gds","gds/workflows/1-preproduction/research/market-steps/step-05-competitive-analysis.md","1fb1ddf478d2e61fd51084d8cd272cec99f22c7be68aad4405fe8adc3261ffef"
"md","step-05-crosscutting","gds","gds/workflows/3-technical/gds-game-architecture/steps/step-05-crosscutting.md","7a05593a0ccf48b0b0a9623ef9455bca63c8d0bec6e83d5c44f9dc4598aec80d"
"md","step-05-epic-quality-review","gds","gds/workflows/3-technical/gds-check-implementation-readiness/steps/step-05-epic-quality-review.md","e8df458084637eb3b2e426835ab500af53deb642bcbe09f35c2b257d159ca9b3"
"md","step-05-implementation-research","gds","gds/workflows/1-preproduction/research/technical-steps/step-05-implementation-research.md","471ec015a842d425f5d3b86af556ab1e322762ca763e604e70cf2191e407f489"
"md","step-05-present","gds","gds/workflows/gds-quick-flow/gds-quick-dev/step-05-present.md","fda340fc6f5d935fabeefa770bc5d66a4c44ef5e0928acb56b1f90a560a423ab"
"md","step-05-technical-trends","gds","gds/workflows/1-preproduction/research/gds-domain-research/domain-steps/step-05-technical-trends.md","e7b184a75617338b9ae2834d1d3b16cbe33c49131bfd2486e731c20305005975"
"md","step-05-world","gds","gds/workflows/2-design/gds-create-narrative/steps/step-05-world.md","d8457ce14c7692d2218d2e6daab5c3e82ad50acf22d0a4655efcd57d19bd652e"
"md","step-06-dialogue","gds","gds/workflows/2-design/gds-create-narrative/steps/step-06-dialogue.md","78c12fd2a8e3450c56b31cc8690b6e3ed9484aef0a51478c0e9b4befbf0f6511"
"md","step-06-final-assessment","gds","gds/workflows/3-technical/gds-check-implementation-readiness/steps/step-06-final-assessment.md","7bd152dc32f2740f63c0f2232ba5ef25688da0c75c4f081f4f90b4d28190600d"
"md","step-06-research-completion","gds","gds/workflows/1-preproduction/research/market-steps/step-06-research-completion.md","87cec5d054bdd13b6a61498b99ba958f5f4a58e30810629780d78932da549f23"
"md","step-06-research-synthesis","gds","gds/workflows/1-preproduction/research/gds-domain-research/domain-steps/step-06-research-synthesis.md","c2113b9578201d118767b900c836681742b5a8755fe45ca45db9ffdf88b659eb"
"md","step-06-research-synthesis","gds","gds/workflows/1-preproduction/research/technical-steps/step-06-research-synthesis.md","6a8d076da0d142acab6688aa5f0ae5f919200922cc4eb94818d9c1d66755c1ee"
"md","step-06-structure","gds","gds/workflows/3-technical/gds-game-architecture/steps/step-06-structure.md","c7832281301c17063332b5d47df63c42b2b52e22676b3b9cf78e85f94db78078"
"md","step-07-environmental","gds","gds/workflows/2-design/gds-create-narrative/steps/step-07-environmental.md","573b4518b79a24b05d48f8b162c7b44adcd5be866681f2c64e3f6a02ed0ea7b8"
"md","step-07-patterns","gds","gds/workflows/3-technical/gds-game-architecture/steps/step-07-patterns.md","9c764c421de016093cb7c1036d8455c58e03786b29160b4372d368c4cc2cb698"
"md","step-08-delivery","gds","gds/workflows/2-design/gds-create-narrative/steps/step-08-delivery.md","3a5ac4ba10450c3e4ebde521771ad5b1f605470fc7d5d04d5b7bbdd46256b3d8"
"md","step-08-validation","gds","gds/workflows/3-technical/gds-game-architecture/steps/step-08-validation.md","3cb3df33d566fa8faf07f5738c73022439a0e6b128eef787f62a061aaf0563bc"
"md","step-09-complete","gds","gds/workflows/3-technical/gds-game-architecture/steps/step-09-complete.md","ec6d6e37a8a85630b43e73089d41912fd65d0c13b996c628df2645a5bdfd832f"
"md","step-09-integration","gds","gds/workflows/2-design/gds-create-narrative/steps/step-09-integration.md","ef172e03f061e64da088d683952b091cd1246702efba03994cff5331b8b2070f"
"md","step-10-production","gds","gds/workflows/2-design/gds-create-narrative/steps/step-10-production.md","f5ec87dfdf0ceaaf4531edd6d52b2b21cc0b1e96fcb191902224c39ef7ddc446"
"md","step-11-complete","gds","gds/workflows/2-design/gds-create-narrative/steps/step-11-complete.md","8fa895b49aad1231b974197c855135304fcd3bddb3130f8eb29d6aaddd52c948"
"md","step-oneshot","gds","gds/workflows/gds-quick-flow/gds-quick-dev/step-oneshot.md","146f2bb596ba52fb0ce4ce9ce3426813b41955dfff465b974b006eb0400ddc95"
"md","strategy","gds","gds/workflows/2-design/gds-gdd/assets/game-types/strategy.md","3b453b6e3a70d65ec2428bf53195edcb5c3f194341110f4034d55c9707fac65d"
"md","survival","gds","gds/workflows/2-design/gds-gdd/assets/game-types/survival.md","524f50b6929bab7b10dbcc2437002cb79139188594e6d17ceb7abecd76e8b295"
"md","sync-sprint-status","gds","gds/workflows/gds-quick-flow/gds-quick-dev/sync-sprint-status.md","f1ce35a6415f7795e4b7c88acacb003732077bbcba9b4f4c86c54a7c77a99a60"
"md","template","gds","gds/workflows/4-production/gds-create-story/template.md","a7ac18d4dd1f8e2dd9f54edc82c760c04313ad30945dd3ef676da6af3cdfe7a9"
"md","test-design-template","gds","gds/workflows/gametest/gds-test-design/test-design-template.md","4823b53e252dd373c1ccc1fd6606db3f0bef39f258ccae7f3a24d39dbdddb33a"
"md","test-priorities","gds","gds/agents/gds-agent-game-dev/gametest/knowledge/test-priorities.md","ab91b9b455586553ea5bf9f991db3a88613bf6e57ca230cc9a4f713364f9799b"
"md","test-review-template","gds","gds/workflows/gametest/gds-test-review/test-review-template.md","99166ae52604775b0f51f5a7b569fcf658803bdb57a210807bee7c10173816c5"
"md","text-based","gds","gds/workflows/2-design/gds-gdd/assets/game-types/text-based.md","96c1d8cd99377cbebb873c5d660534f7fbfb848f503511eb24a25fe1e25ab4bf"
"md","tower-defense","gds","gds/workflows/2-design/gds-gdd/assets/game-types/tower-defense.md","c53a3bcb028d93bede1926d4c4b32a84321fe0ab5238974fe855e86631030b70"
"md","turn-based-tactics","gds","gds/workflows/2-design/gds-gdd/assets/game-types/turn-based-tactics.md","5438cbf5fc800facfe724651821ba851231ccb1e26cd83ab658ead9a012c695d"
"md","unity-engine","gds","gds/workflows/3-technical/gds-game-architecture/knowledge/unity-engine.md","bfceb569de01e81447de92b6ef3d741ac6e1980bdc97a48e7525e6e1c3083f82"
"md","unity-testing","gds","gds/agents/gds-agent-game-dev/gametest/knowledge/unity-testing.md","7e196ea43cf8b35b4b290269ec24bf49f1fdf57c81987e7a9f0aeb2a48d94b11"
"md","unreal-engine","gds","gds/workflows/3-technical/gds-game-architecture/knowledge/unreal-engine.md","04027d82f7add176d072d34e23f2d498a256c2a0a2ca4f8927b195edfac07205"
"md","unreal-testing","gds","gds/agents/gds-agent-game-dev/gametest/knowledge/unreal-testing.md","d3d656434f9fddee65e8b0a4826067176663be2373fdcb240f5c37dcd8e11c05"
"md","update-standards","gds","gds/agents/gds-agent-tech-writer/update-standards.md","6a8347dca807b77463d9d5789710d2915624d90ffe1871a046fd0260b93342e5"
"md","validate","gds","gds/workflows/2-design/gds-prd/references/validate.md","2708c8e8de9e22e230b598188084e7668749945a1a533630c0c385a277db1dc0"
"md","validate","gds","gds/workflows/2-design/gds-ux/references/validate.md","f1bc672129a5282941c45a0937d72d67e022964da0521cb20f0cf6c795a856ff"
"md","validate-doc","gds","gds/agents/gds-agent-tech-writer/validate-doc.md","2760f64d721e07df5ae733f7775da23a1e9f6042747d498a077b80ada96ab8e4"
"md","validation-render","gds","gds/workflows/2-design/gds-gdd/references/validation-render.md","7903623647ae3d88e26f223df867990daabc653ba9cce73307544d174bf9ac83"
"md","visual-novel","gds","gds/workflows/2-design/gds-gdd/assets/game-types/visual-novel.md","c069fdf5a0bc18a129cf4ce1362e1b67b627943a0e40bdf46730e92202ea797a"
"md","workflow-market-research","gds","gds/workflows/1-preproduction/research/workflow-market-research.md","9afe7ef4a72b78d8e599e0925a8deeb2f322997b0da227330b2d7830e0281a94"
"md","workflow-technical-research","gds","gds/workflows/1-preproduction/research/workflow-technical-research.md","22292fc0a6d7a9402b65c4e2493e5a7585bdb8aec84ac86fabfd5f949198ad77"
"md","write-document","gds","gds/agents/gds-agent-tech-writer/write-document.md","4a35fd0466f842f55331707eb2b9656c09623e7c84a4f64f2a13771aa18b88f1"
"py","render-validation-html","gds","gds/workflows/2-design/gds-gdd/scripts/render-validation-html.py","975fee2ffb556ab8d8fd0ffc2803008a244ecb805a97d307d50903ca504fd44e"
"toml","customize","gds","gds/agents/gds-agent-game-architect/customize.toml","a92310a5661bef99023f6a4ca0bc82853b8e0aa1805b1155ad8528f36ba0bf3b"
"toml","customize","gds","gds/agents/gds-agent-game-designer/customize.toml","37c8c864fb1bbfe10a05f25ced451401015f58bc584823659c8f1c4a4319d031"
"toml","customize","gds","gds/agents/gds-agent-game-dev/customize.toml","8e517de4df184acf07d288012abdd52e4c7991149d9141279fa5d98da8b1e363"
"toml","customize","gds","gds/agents/gds-agent-game-solo-dev/customize.toml","2682f4bbc31046877f0ceb9b4ac469e597cf6c9f801c5bf30ded14f79c8d0ee8"
"toml","customize","gds","gds/agents/gds-agent-tech-writer/customize.toml","63c557bbdada1ad6e959e2b1121b6ad02ce3efb9350e24511579e2fb532b0f11"
"toml","customize","gds","gds/workflows/1-preproduction/gds-brainstorm-game/customize.toml","45d8a127298f6903dee4c114e7349730cb90072ff02ed7d85f6cbd02e94a7153"
"toml","customize","gds","gds/workflows/1-preproduction/gds-create-game-brief/customize.toml","6cb7501e067b9b9b8b016bbb63cc65063e8383cc70ff4eb1bcfdbfca8a615043"
"toml","customize","gds","gds/workflows/1-preproduction/research/gds-domain-research/customize.toml","046e7c507b93153f85be5ce2850771c55b365dd4e9eef9c09cd4306defe7dd1e"
"toml","customize","gds","gds/workflows/2-design/gds-create-narrative/customize.toml","cc27d88d4fbf5177a6eaebdde3a0622d2d400004be687ecf8ba7d9536e4304ad"
"toml","customize","gds","gds/workflows/2-design/gds-gdd/customize.toml","96a8dbf1bef378e3b9626b8cbdc30f407530c71380ab70998f51fa7f98961966"
"toml","customize","gds","gds/workflows/2-design/gds-prd/customize.toml","203ba3e06ef69d88ef0bbcebc974152871269c46249b3b1e22e111c821df1cbe"
"toml","customize","gds","gds/workflows/2-design/gds-ux/customize.toml","3226a38218134da74bb9652188bf22533a4e1be69e13f308e7a484fd81be9a5d"
"toml","customize","gds","gds/workflows/3-technical/gds-check-implementation-readiness/customize.toml","bf839f517d89d39685bbdfaf457040622927d255ac7410f2cf5dcef16136e2aa"
"toml","customize","gds","gds/workflows/3-technical/gds-create-epics-and-stories/customize.toml","c168383564306d9ecbf69bc124aa9dcc194136d5b0a1599ee1a9d9a6084939ac"
"toml","customize","gds","gds/workflows/3-technical/gds-game-architecture/customize.toml","c11529445fb52ea7f7d9143e6f505c186895497cb21eb61dde8b2ea51aed32f2"
"toml","customize","gds","gds/workflows/3-technical/gds-generate-project-context/customize.toml","d50aeef92f35623148a646f0bff6bfc44bc70b3c0587c13c9fca77426ba70cf0"
"toml","customize","gds","gds/workflows/4-production/gds-code-review/customize.toml","840e07a1a9642587035655b3440f53326b6f734dc8df7188216d20a8925fbfc4"
"toml","customize","gds","gds/workflows/4-production/gds-correct-course/customize.toml","711f10e5db321ae52181bc7bcc57fbf4e56ef1cdaed03dc72cce64c801480e0c"
"toml","customize","gds","gds/workflows/4-production/gds-create-story/customize.toml","4c42a106e377e59e4d79954fabfab3e7962cbcda3f4b94fbbdb62d031f99b1b7"
"toml","customize","gds","gds/workflows/4-production/gds-dev-story/customize.toml","aed7057a686cc721b73e0aba274cf99af9b511b0d8a7bcd242e77995ee318e96"
"toml","customize","gds","gds/workflows/4-production/gds-investigate/customize.toml","8651acf20bfffb50b158d76bf5d93ed4b8c013f807da2dbea21b5e2dbdb45748"
"toml","customize","gds","gds/workflows/4-production/gds-retrospective/customize.toml","dd56cc6f9f7708bcd1bfea9078d2d7d8b4770ee8fb103a9f2a9d790f18b636e3"
"toml","customize","gds","gds/workflows/4-production/gds-sprint-planning/customize.toml","5025ad45bd97c2990d67be96f4a2cc71e727f6ea5dae54c675debf45f84e0799"
"toml","customize","gds","gds/workflows/4-production/gds-sprint-status/customize.toml","288effc282ce45e15865b93747bbadd8f784c5b49741e69db614195ea21d403e"
"toml","customize","gds","gds/workflows/gametest/gds-e2e-scaffold/customize.toml","284ed4e95cf33f15faa6f7fe379360a76fd925d3584630f98fd3c3dffb390c04"
"toml","customize","gds","gds/workflows/gametest/gds-performance-test/customize.toml","63b7d34397cfcfac4791a11b67fcfd8b35e6e94657c7ef7a8383dc9ed3c4c6cd"
"toml","customize","gds","gds/workflows/gametest/gds-playtest-plan/customize.toml","67de23268ea314cc55fffc5863f1dc1fa9539c1e871d6994b0979d7493ed5874"
"toml","customize","gds","gds/workflows/gametest/gds-test-automate/customize.toml","ef41e4f184e0ec36e2acbdc6681e108129e3f3c224293becd05bf40302ccf320"
"toml","customize","gds","gds/workflows/gametest/gds-test-design/customize.toml","0d9e5acf9605f97df71eaf4ed9ba326bacde065d1c9bd87229766445af001eb4"
"toml","customize","gds","gds/workflows/gametest/gds-test-framework/customize.toml","955de8132657fc13c0f5bf05cce78b88ff9e5e2cda157143435d9503a01e1741"
"toml","customize","gds","gds/workflows/gametest/gds-test-review/customize.toml","d5708d107531b5eb0a380e6c5c2a8a9b9cc0242745ecfd612a1d5396c16cb3f6"
"toml","customize","gds","gds/workflows/gds-document-project/customize.toml","40b30429e7b881525452b07e2fc8584539a1596a427357bbedb7ff947ecc76ee"
"toml","customize","gds","gds/workflows/gds-quick-flow/gds-quick-dev/customize.toml","68a721210104bc67159d0157dc9c0eec551b20b10984c846e68315df214a2717"
"yaml","architecture-patterns","gds","gds/workflows/3-technical/gds-game-architecture/architecture-patterns.yaml","81a6744da347171de8965b0e5acd7f7dd60641f3f8fb7617a7ef03bd23d9077f"
"yaml","config","gds","gds/config.yaml","3302ea4161f0fe083e7400990033118651c3613ef9027d315036c191e623c7e1"
"yaml","decision-catalog","gds","gds/workflows/3-technical/gds-game-architecture/decision-catalog.yaml","2023d6bd2f42b2a235d6fcde1c0a3869bc9e3d6cca84d705d79bf79b008adef7"
"yaml","engine-mcps","gds","gds/workflows/3-technical/gds-game-architecture/engine-mcps.yaml","f2e79fcb8ecb9252faa12f02f0c8ba85fa047a34e3042136b4b841a5eb3829fe"
"yaml","sprint-status-template","gds","gds/workflows/4-production/gds-sprint-planning/sprint-status-template.yaml","7bad0cc622ecbd33346d76f625333ff7c4d8aa21d48ce27075050f79a1a58065"
"py","resolve_config","scripts","scripts/resolve_config.py","8e326149d9170477ecc21aa2aa2389d8fbaa5d1cd95db2de2ad33029ce8ae528"
"py","resolve_customization","scripts","scripts/resolve_customization.py","a56abc64ffc8924f8ded95562c7ef3f6d7f1b18f0724289fd3b95fda3567dab4"
"py","test_resolve_customization","scripts","scripts/tests/test_resolve_customization.py","3c93a68544b28e10c08fe4f8c24f296926e69bf142ace13d1c30867e3283c4cb"
